"TAXATYPE","DIVISION","ORDER","FAMILY","GENUS","1","2","3","4","5","6","7","8","9","10","<NA>"
"Blue-Green Algae","Cyanophyta","Chroococcales","Chamaesiphonaceae","Chamaesiphon",NA,NA,NA,NA,NA,NA,NA,NA,NA,NA,NA
"Blue-Green Algae","Cyanophyta","Chroococcales","Chamaesiphonaceae","Stichosiphon",NA,NA,NA,NA,NA,NA,NA,NA,NA,NA,NA
"Blue-Green Algae","Cyanophyta","Chroococcales","Chroococcaceae","Chroococcus","Chroococcus dispersus","Chroococcus limneticus","Chroococcus limneticus distans","Chroococcus limneticus subsalsus","Chroococcus microscopicus","Chroococcus minimus","Chroococcus minor","Chroococcus minutus",NA,NA,NA
"Blue-Green Algae","Cyanophyta","Chroococcales","Chroococcaceae","Cyanosarcina",NA,NA,NA,NA,NA,NA,NA,NA,NA,NA,NA
"Blue-Green Algae","Cyanophyta","Chroococcales","Chroococcaceae","Eucapsis",NA,NA,NA,NA,NA,NA,NA,NA,NA,NA,NA
"Blue-Green Algae","Cyanophyta","Chroococcales","Merismopediaceae","Aphanocapsa","Aphanocapsa delicatissima","Aphanocapsa elachista planctonica","Aphanocapsa grevilei","Aphanocapsa holsatica",NA,NA,NA,NA,NA,NA,NA
"Blue-Green Algae","Cyanophyta","Chroococcales","Merismopediaceae","Coelomoron",NA,NA,NA,NA,NA,NA,NA,NA,NA,NA,NA
"Blue-Green Algae","Cyanophyta","Chroococcales","Merismopediaceae","Coelosphaerium","Coelosphaerium kuetzingianum","Coelosphaerium naegelianum",NA,NA,NA,NA,NA,NA,NA,NA,NA
"Blue-Green Algae","Cyanophyta","Chroococcales","Merismopediaceae","Gomphosphaeria","Gomphosphaeria aponina","Gomphosphaeria virieuxii",NA,NA,NA,NA,NA,NA,NA,NA,NA
"Blue-Green Algae","Cyanophyta","Chroococcales","Merismopediaceae","Merismopedia","Merismopedia glauca","Merismopedia punctata","Merismopedia tenuissima",NA,NA,NA,NA,NA,NA,NA,NA
"Blue-Green Algae","Cyanophyta","Chroococcales","Merismopediaceae","Snowella","Snowella atomus","Snowella lacustris",NA,NA,NA,NA,NA,NA,NA,NA,NA
"Blue-Green Algae","Cyanophyta","Chroococcales","Merismopediaceae","Synechocystis",NA,NA,NA,NA,NA,NA,NA,NA,NA,NA,NA
"Blue-Green Algae","Cyanophyta","Chroococcales","Merismopediaceae","Woronichinia",NA,NA,NA,NA,NA,NA,NA,NA,NA,NA,NA
"Blue-Green Algae","Cyanophyta","Chroococcales","Microcystaceae","Gloeocapsa",NA,NA,NA,NA,NA,NA,NA,NA,NA,NA,NA
"Blue-Green Algae","Cyanophyta","Chroococcales","Microcystaceae","Microcystis","Microcystis aeruginosa","Microcystis firma","Microcystis flosaquae","Microcystis ichthyoblabe","Microcystis smithii","Microcystis wesenbergii",NA,NA,NA,NA,NA
"Blue-Green Algae","Cyanophyta","Chroococcales","Synechococcaceae","Aphanothece","Aphanothece clathrata",NA,NA,NA,NA,NA,NA,NA,NA,NA,NA
"Blue-Green Algae","Cyanophyta","Chroococcales","Synechococcaceae","Dactylococcopsis","Dactylococcopsis acicularis","Dactylococcopsis fascicularis",NA,NA,NA,NA,NA,NA,NA,NA,NA
"Blue-Green Algae","Cyanophyta","Chroococcales","Synechococcaceae","Gloeothece",NA,NA,NA,NA,NA,NA,NA,NA,NA,NA,NA
"Blue-Green Algae","Cyanophyta","Chroococcales","Synechococcaceae","Lemmermanniella","Lemmermanniella flexa",NA,NA,NA,NA,NA,NA,NA,NA,NA,NA
"Blue-Green Algae","Cyanophyta","Chroococcales","Synechococcaceae","Rhabdoderma","Rhabdoderma lineare",NA,NA,NA,NA,NA,NA,NA,NA,NA,NA
"Blue-Green Algae","Cyanophyta","Chroococcales","Synechococcaceae","Rhabdoglea","Rhabdoglea smithii",NA,NA,NA,NA,NA,NA,NA,NA,NA,NA
"Blue-Green Algae","Cyanophyta","Chroococcales","Synechococcaceae","Synechococcus","Synechococcus linearis","Synechococcus minutus",NA,NA,NA,NA,NA,NA,NA,NA,NA
"Blue-Green Algae","Cyanophyta","Nostocales","Nostocaceae","Anabaena","Anabaena affinis","Anabaena circinalis","Anabaena circinalis macrospora","Anabaena flosaquae","Anabaena smithii","Anabaena spiroides crassa","Anabaena subcylindrica","Anabaena viguieri","Anabaena wisconsinense",NA,NA
"Blue-Green Algae","Cyanophyta","Nostocales","Nostocaceae","Anabaenopsis","Anabaenopsis elenkinii",NA,NA,NA,NA,NA,NA,NA,NA,NA,NA
"Blue-Green Algae","Cyanophyta","Nostocales","Nostocaceae","Aphanizomenon","Aphanizomenon aphanizomenoides","Aphanizomenon flosaquae",NA,NA,NA,NA,NA,NA,NA,NA,NA
"Blue-Green Algae","Cyanophyta","Nostocales","Nostocaceae","Aulosira",NA,NA,NA,NA,NA,NA,NA,NA,NA,NA,NA
"Blue-Green Algae","Cyanophyta","Nostocales","Nostocaceae","Cuspidothrix","Cuspidothrix issatschenkoi",NA,NA,NA,NA,NA,NA,NA,NA,NA,NA
"Blue-Green Algae","Cyanophyta","Nostocales","Nostocaceae","Cylindrospermopsis",NA,NA,NA,NA,NA,NA,NA,NA,NA,NA,NA
"Blue-Green Algae","Cyanophyta","Nostocales","Nostocaceae","Cylindrospermum",NA,NA,NA,NA,NA,NA,NA,NA,NA,NA,NA
"Blue-Green Algae","Cyanophyta","Nostocales","Nostocaceae","Nodularia",NA,NA,NA,NA,NA,NA,NA,NA,NA,NA,NA
"Blue-Green Algae","Cyanophyta","Nostocales","Nostocaceae","Raphidiopsis",NA,NA,NA,NA,NA,NA,NA,NA,NA,NA,NA
"Blue-Green Algae","Cyanophyta","Nostocales","Rivulariaceae","Calothrix",NA,NA,NA,NA,NA,NA,NA,NA,NA,NA,NA
"Blue-Green Algae","Cyanophyta","Nostocales","Rivulariaceae","Gloeotrichia",NA,NA,NA,NA,NA,NA,NA,NA,NA,NA,NA
"Blue-Green Algae","Cyanophyta","Oscillatoriales","Borziaceae","Borzia",NA,NA,NA,NA,NA,NA,NA,NA,NA,NA,NA
"Blue-Green Algae","Cyanophyta","Oscillatoriales","Gomontiellaceae","Gomontiella",NA,NA,NA,NA,NA,NA,NA,NA,NA,NA,NA
"Blue-Green Algae","Cyanophyta","Oscillatoriales","Homoeotrichaceae","Heteroleibleinia",NA,NA,NA,NA,NA,NA,NA,NA,NA,NA,NA
"Blue-Green Algae","Cyanophyta","Oscillatoriales","Oscillatoriaceae","Lyngbya","Lyngbya contorta","Lyngbya limnetica","Lyngbya majuscula",NA,NA,NA,NA,NA,NA,NA,NA
"Blue-Green Algae","Cyanophyta","Oscillatoriales","Oscillatoriaceae","Oscillatoria","Oscillatoria contorta","Oscillatoria limosa","Oscillatoria sancta","Oscillatoria tenuis","Oscillatoria utermoelaii",NA,NA,NA,NA,NA,NA
"Blue-Green Algae","Cyanophyta","Oscillatoriales","Oscillatoriaceae","Plectonema",NA,NA,NA,NA,NA,NA,NA,NA,NA,NA,NA
"Blue-Green Algae","Cyanophyta","Oscillatoriales","Phormidiaceae","Arthrospira",NA,NA,NA,NA,NA,NA,NA,NA,NA,NA,NA
"Blue-Green Algae","Cyanophyta","Oscillatoriales","Phormidiaceae","Phormidium","Phormidium granulatum","Phormidium minnesothense","Phormidium tenue",NA,NA,NA,NA,NA,NA,NA,NA
"Blue-Green Algae","Cyanophyta","Oscillatoriales","Phormidiaceae","Planktothrix","Planktothrix agardhii",NA,NA,NA,NA,NA,NA,NA,NA,NA,NA
"Blue-Green Algae","Cyanophyta","Oscillatoriales","Phormidiaceae","Trichodesmium",NA,NA,NA,NA,NA,NA,NA,NA,NA,NA,NA
"Blue-Green Algae","Cyanophyta","Oscillatoriales","Pseudanabaenaceae","Geitlerinema",NA,NA,NA,NA,NA,NA,NA,NA,NA,NA,NA
"Blue-Green Algae","Cyanophyta","Oscillatoriales","Pseudanabaenaceae","Glaucospira",NA,NA,NA,NA,NA,NA,NA,NA,NA,NA,NA
"Blue-Green Algae","Cyanophyta","Oscillatoriales","Pseudanabaenaceae","Homoeothrix","Homoeothrix janthina",NA,NA,NA,NA,NA,NA,NA,NA,NA,NA
"Blue-Green Algae","Cyanophyta","Oscillatoriales","Pseudanabaenaceae","Jaaginema",NA,NA,NA,NA,NA,NA,NA,NA,NA,NA,NA
"Blue-Green Algae","Cyanophyta","Oscillatoriales","Pseudanabaenaceae","Leptolyngbya","Leptolyngbya cartilaginea",NA,NA,NA,NA,NA,NA,NA,NA,NA,NA
"Blue-Green Algae","Cyanophyta","Oscillatoriales","Pseudanabaenaceae","Limnothrix",NA,NA,NA,NA,NA,NA,NA,NA,NA,NA,NA
"Blue-Green Algae","Cyanophyta","Oscillatoriales","Pseudanabaenaceae","Planktolyngbya","Planktolyngbya contorta","Planktolyngbya limnetica",NA,NA,NA,NA,NA,NA,NA,NA,NA
"Blue-Green Algae","Cyanophyta","Oscillatoriales","Pseudanabaenaceae","Pseudanabaena","Pseudanabaena moniliformis",NA,NA,NA,NA,NA,NA,NA,NA,NA,NA
"Blue-Green Algae","Cyanophyta","Oscillatoriales","Pseudanabaenaceae","Romeria",NA,NA,NA,NA,NA,NA,NA,NA,NA,NA,NA
"Blue-Green Algae","Cyanophyta","Oscillatoriales","Pseudanabaenaceae","Spirulina","Spirulina laxa",NA,NA,NA,NA,NA,NA,NA,NA,NA,NA
"Blue-Green Algae","Cyanophyta","Oscillatoriales","Schizotrichaceae","Schizothrix",NA,NA,NA,NA,NA,NA,NA,NA,NA,NA,NA
"Cryptomonads","Cryptophyta","Cryptomonadales","Cryptomonadaceae","Campylomonas",NA,NA,NA,NA,NA,NA,NA,NA,NA,NA,NA
"Cryptomonads","Cryptophyta","Cryptomonadales","Cryptomonadaceae","Chilomonas",NA,NA,NA,NA,NA,NA,NA,NA,NA,NA,NA
"Cryptomonads","Cryptophyta","Cryptomonadales","Cryptomonadaceae","Chroomonas","Chroomonas acuta",NA,NA,NA,NA,NA,NA,NA,NA,NA,NA
"Cryptomonads","Cryptophyta","Cryptomonadales","Cryptomonadaceae","Cryptomonas","Cryptomonas caudata",NA,NA,NA,NA,NA,NA,NA,NA,NA,NA
"Cryptomonads","Cryptophyta","Cryptomonadales","Cryptomonadaceae","Komma","Komma caudata",NA,NA,NA,NA,NA,NA,NA,NA,NA,NA
"Cryptomonads","Cryptophyta","Cryptomonadales","Cryptomonadaceae","Pyrenomonas",NA,NA,NA,NA,NA,NA,NA,NA,NA,NA,NA
"Diatoms","Chrysophyta (Bacillariophyceae)","Centrales","Acanthocerataceae","Acanthoceras",NA,NA,NA,NA,NA,NA,NA,NA,NA,NA,NA
"Diatoms","Chrysophyta (Bacillariophyceae)","Centrales","Aulacoseiraceae","Aulacoseira","Aulacoseira distans","Aulacoseira granulata","Aulacoseira italica",NA,NA,NA,NA,NA,NA,NA,NA
"Diatoms","Chrysophyta (Bacillariophyceae)","Centrales","Biddulphiaceae","Hydrosera",NA,NA,NA,NA,NA,NA,NA,NA,NA,NA,NA
"Diatoms","Chrysophyta (Bacillariophyceae)","Centrales","Coscinodiscaceae","Coscinodiscus",NA,NA,NA,NA,NA,NA,NA,NA,NA,NA,NA
"Diatoms","Chrysophyta (Bacillariophyceae)","Centrales","Melosiraceae","Melosira",NA,NA,NA,NA,NA,NA,NA,NA,NA,NA,NA
"Diatoms","Chrysophyta (Bacillariophyceae)","Centrales","Rhizosoleniaceae","Urosolenia",NA,NA,NA,NA,NA,NA,NA,NA,NA,NA,NA
"Diatoms","Chrysophyta (Bacillariophyceae)","Centrales","Skeletonemataceae","Skeletonema",NA,NA,NA,NA,NA,NA,NA,NA,NA,NA,NA
"Diatoms","Chrysophyta (Bacillariophyceae)","Centrales","Stephanodiscaceae","Cyclostephanos",NA,NA,NA,NA,NA,NA,NA,NA,NA,NA,NA
"Diatoms","Chrysophyta (Bacillariophyceae)","Centrales","Stephanodiscaceae","Cyclotella","Cyclotella bodanica",NA,NA,NA,NA,NA,NA,NA,NA,NA,NA
"Diatoms","Chrysophyta (Bacillariophyceae)","Centrales","Stephanodiscaceae","Stephanodiscus",NA,NA,NA,NA,NA,NA,NA,NA,NA,NA,NA
"Diatoms","Chrysophyta (Bacillariophyceae)","Centrales","Thalassiosiraceae","Discostella","Discostella glomerata","Discostella stelligera",NA,NA,NA,NA,NA,NA,NA,NA,NA
"Diatoms","Chrysophyta (Bacillariophyceae)","Centrales","Thalassiosiraceae","Puncticulata","Puncticulata comta",NA,NA,NA,NA,NA,NA,NA,NA,NA,NA
"Diatoms","Chrysophyta (Bacillariophyceae)","Centrales","Thalassiosiraceae","Thalassiosira",NA,NA,NA,NA,NA,NA,NA,NA,NA,NA,NA
"Diatoms","Chrysophyta (Bacillariophyceae)","Pennales","Achnanthaceae","Cocconeis","Cocconeis placentula lineata",NA,NA,NA,NA,NA,NA,NA,NA,NA,NA
"Diatoms","Chrysophyta (Bacillariophyceae)","Pennales","Achnanthaceae","Karayevia",NA,NA,NA,NA,NA,NA,NA,NA,NA,NA,NA
"Diatoms","Chrysophyta (Bacillariophyceae)","Pennales","Achnanthaceae","Psammothidium",NA,NA,NA,NA,NA,NA,NA,NA,NA,NA,NA
"Diatoms","Chrysophyta (Bacillariophyceae)","Pennales","Achnanthidiaceae","Achnanthidium",NA,NA,NA,NA,NA,NA,NA,NA,NA,NA,NA
"Diatoms","Chrysophyta (Bacillariophyceae)","Pennales","Achnanthidiaceae","Eucocconeis",NA,NA,NA,NA,NA,NA,NA,NA,NA,NA,NA
"Diatoms","Chrysophyta (Bacillariophyceae)","Pennales","Amphipleuraceae","Amphipleura",NA,NA,NA,NA,NA,NA,NA,NA,NA,NA,NA
"Diatoms","Chrysophyta (Bacillariophyceae)","Pennales","Amphipleuraceae","Frustulia",NA,NA,NA,NA,NA,NA,NA,NA,NA,NA,NA
"Diatoms","Chrysophyta (Bacillariophyceae)","Pennales","Bacillariaceae","Cylindrotheca",NA,NA,NA,NA,NA,NA,NA,NA,NA,NA,NA
"Diatoms","Chrysophyta (Bacillariophyceae)","Pennales","Bacillariaceae","Denticula",NA,NA,NA,NA,NA,NA,NA,NA,NA,NA,NA
"Diatoms","Chrysophyta (Bacillariophyceae)","Pennales","Bacillariaceae","Nitzschia",NA,NA,NA,NA,NA,NA,NA,NA,NA,NA,NA
"Diatoms","Chrysophyta (Bacillariophyceae)","Pennales","Bacillariaceae","Tryblionella",NA,NA,NA,NA,NA,NA,NA,NA,NA,NA,NA
"Diatoms","Chrysophyta (Bacillariophyceae)","Pennales","Brachysiraceae","Brachysira",NA,NA,NA,NA,NA,NA,NA,NA,NA,NA,NA
"Diatoms","Chrysophyta (Bacillariophyceae)","Pennales","Catenulaceae","Amphora",NA,NA,NA,NA,NA,NA,NA,NA,NA,NA,NA
"Diatoms","Chrysophyta (Bacillariophyceae)","Pennales","Cymbellaceae","Cymbella",NA,NA,NA,NA,NA,NA,NA,NA,NA,NA,NA
"Diatoms","Chrysophyta (Bacillariophyceae)","Pennales","Cymbellaceae","Encyonema","Encyonema minutum",NA,NA,NA,NA,NA,NA,NA,NA,NA,NA
"Diatoms","Chrysophyta (Bacillariophyceae)","Pennales","Cymbellaceae","Placoneis",NA,NA,NA,NA,NA,NA,NA,NA,NA,NA,NA
"Diatoms","Chrysophyta (Bacillariophyceae)","Pennales","Diploneidaceae","Diploneis",NA,NA,NA,NA,NA,NA,NA,NA,NA,NA,NA
"Diatoms","Chrysophyta (Bacillariophyceae)","Pennales","Entomoneidaceae","Entomoneis",NA,NA,NA,NA,NA,NA,NA,NA,NA,NA,NA
"Diatoms","Chrysophyta (Bacillariophyceae)","Pennales","Eunotiaceae","Eunotia",NA,NA,NA,NA,NA,NA,NA,NA,NA,NA,NA
"Diatoms","Chrysophyta (Bacillariophyceae)","Pennales","Fragilariaceae","Asterionella","Asterionella formosa",NA,NA,NA,NA,NA,NA,NA,NA,NA,NA
"Diatoms","Chrysophyta (Bacillariophyceae)","Pennales","Fragilariaceae","Diatoma","Diatoma elongatum",NA,NA,NA,NA,NA,NA,NA,NA,NA,NA
"Diatoms","Chrysophyta (Bacillariophyceae)","Pennales","Fragilariaceae","Distrionella",NA,NA,NA,NA,NA,NA,NA,NA,NA,NA,NA
"Diatoms","Chrysophyta (Bacillariophyceae)","Pennales","Fragilariaceae","Fragilaria","Fragilaria capucina","Fragilaria crotonensis","Fragilaria cyclopum",NA,NA,NA,NA,NA,NA,NA,NA
"Diatoms","Chrysophyta (Bacillariophyceae)","Pennales","Fragilariaceae","Hannaea","Hannaea arcus",NA,NA,NA,NA,NA,NA,NA,NA,NA,NA
"Diatoms","Chrysophyta (Bacillariophyceae)","Pennales","Fragilariaceae","Meridion",NA,NA,NA,NA,NA,NA,NA,NA,NA,NA,NA
"Diatoms","Chrysophyta (Bacillariophyceae)","Pennales","Fragilariaceae","Opephora",NA,NA,NA,NA,NA,NA,NA,NA,NA,NA,NA
"Diatoms","Chrysophyta (Bacillariophyceae)","Pennales","Fragilariaceae","Pseudostaurosira",NA,NA,NA,NA,NA,NA,NA,NA,NA,NA,NA
"Diatoms","Chrysophyta (Bacillariophyceae)","Pennales","Fragilariaceae","Staurosira","Staurosira construens",NA,NA,NA,NA,NA,NA,NA,NA,NA,NA
"Diatoms","Chrysophyta (Bacillariophyceae)","Pennales","Fragilariaceae","Staurosirella",NA,NA,NA,NA,NA,NA,NA,NA,NA,NA,NA
"Diatoms","Chrysophyta (Bacillariophyceae)","Pennales","Fragilariaceae","Synedra","Synedra acus","Synedra delicatissima","Synedra ulna",NA,NA,NA,NA,NA,NA,NA,NA
"Diatoms","Chrysophyta (Bacillariophyceae)","Pennales","Fragilariaceae","Tabularia",NA,NA,NA,NA,NA,NA,NA,NA,NA,NA,NA
"Diatoms","Chrysophyta (Bacillariophyceae)","Pennales","Gomphonemataceae","Gomphonema",NA,NA,NA,NA,NA,NA,NA,NA,NA,NA,NA
"Diatoms","Chrysophyta (Bacillariophyceae)","Pennales","Mastogloiaceae","Mastogloia",NA,NA,NA,NA,NA,NA,NA,NA,NA,NA,NA
"Diatoms","Chrysophyta (Bacillariophyceae)","Pennales","Naviculaceae","Geissleria",NA,NA,NA,NA,NA,NA,NA,NA,NA,NA,NA
"Diatoms","Chrysophyta (Bacillariophyceae)","Pennales","Naviculaceae","Hippodonta",NA,NA,NA,NA,NA,NA,NA,NA,NA,NA,NA
"Diatoms","Chrysophyta (Bacillariophyceae)","Pennales","Naviculaceae","Navicula",NA,NA,NA,NA,NA,NA,NA,NA,NA,NA,NA
"Diatoms","Chrysophyta (Bacillariophyceae)","Pennales","Neidiaceae","Neidium",NA,NA,NA,NA,NA,NA,NA,NA,NA,NA,NA
"Diatoms","Chrysophyta (Bacillariophyceae)","Pennales","Not Designated","Encyonopsis",NA,NA,NA,NA,NA,NA,NA,NA,NA,NA,NA
"Diatoms","Chrysophyta (Bacillariophyceae)","Pennales","Not Designated","Nupela",NA,NA,NA,NA,NA,NA,NA,NA,NA,NA,NA
"Diatoms","Chrysophyta (Bacillariophyceae)","Pennales","Pinnulariaceae","Caloneis",NA,NA,NA,NA,NA,NA,NA,NA,NA,NA,NA
"Diatoms","Chrysophyta (Bacillariophyceae)","Pennales","Pinnulariaceae","Pinnularia",NA,NA,NA,NA,NA,NA,NA,NA,NA,NA,NA
"Diatoms","Chrysophyta (Bacillariophyceae)","Pennales","Pleurosigmataceae","Gyrosigma",NA,NA,NA,NA,NA,NA,NA,NA,NA,NA,NA
"Diatoms","Chrysophyta (Bacillariophyceae)","Pennales","Pleurosigmataceae","Pleurosigma",NA,NA,NA,NA,NA,NA,NA,NA,NA,NA,NA
"Diatoms","Chrysophyta (Bacillariophyceae)","Pennales","Rhoicospheniaceae","Rhoicosphenia",NA,NA,NA,NA,NA,NA,NA,NA,NA,NA,NA
"Diatoms","Chrysophyta (Bacillariophyceae)","Pennales","Rhopalodiaceae","Epithemia","Epithemia adnata","Epithemia sorex",NA,NA,NA,NA,NA,NA,NA,NA,NA
"Diatoms","Chrysophyta (Bacillariophyceae)","Pennales","Rhopalodiaceae","Rhopalodia","Rhopalodia gibba",NA,NA,NA,NA,NA,NA,NA,NA,NA,NA
"Diatoms","Chrysophyta (Bacillariophyceae)","Pennales","Sellaphoraceae","Sellaphora",NA,NA,NA,NA,NA,NA,NA,NA,NA,NA,NA
"Diatoms","Chrysophyta (Bacillariophyceae)","Pennales","Stauroneidaceae","Craticula",NA,NA,NA,NA,NA,NA,NA,NA,NA,NA,NA
"Diatoms","Chrysophyta (Bacillariophyceae)","Pennales","Stauroneidaceae","Stauroneis",NA,NA,NA,NA,NA,NA,NA,NA,NA,NA,NA
"Diatoms","Chrysophyta (Bacillariophyceae)","Pennales","Surirellaceae","Campylodiscus",NA,NA,NA,NA,NA,NA,NA,NA,NA,NA,NA
"Diatoms","Chrysophyta (Bacillariophyceae)","Pennales","Surirellaceae","Cymatopleura",NA,NA,NA,NA,NA,NA,NA,NA,NA,NA,NA
"Diatoms","Chrysophyta (Bacillariophyceae)","Pennales","Surirellaceae","Surirella",NA,NA,NA,NA,NA,NA,NA,NA,NA,NA,NA
"Diatoms","Chrysophyta (Bacillariophyceae)","Pennales","Tabellariaceae","Tabellaria","Tabellaria fenestrata",NA,NA,NA,NA,NA,NA,NA,NA,NA,NA
"Diatoms","Chrysophyta (Bacillariophyceae)","Surirellales","Surirellaceae","Stenopterobia","Stenopterobia curvula",NA,NA,NA,NA,NA,NA,NA,NA,NA,NA
"Dinoflagellate","Pyrrhophyta","Dinophysialis","Dinophysiaceae","Dinophysis",NA,NA,NA,NA,NA,NA,NA,NA,NA,NA,NA
"Dinoflagellate","Pyrrhophyta","Gymnodiniales","Gymnodiniaceae","Amphidinium",NA,NA,NA,NA,NA,NA,NA,NA,NA,NA,NA
"Dinoflagellate","Pyrrhophyta","Gymnodiniales","Gymondiniaceae","Gymnodinium",NA,NA,NA,NA,NA,NA,NA,NA,NA,NA,NA
"Dinoflagellate","Pyrrhophyta","Peridiniales","Glenodiniaceae","Glenodinium",NA,NA,NA,NA,NA,NA,NA,NA,NA,NA,NA
"Dinoflagellate","Pyrrhophyta","Peridiniales","Glenodiniopsidaceae","Glenodiniopsis",NA,NA,NA,NA,NA,NA,NA,NA,NA,NA,NA
"Dinoflagellate","Pyrrhophyta","Peridiniales","Glenodiniopsidaceae","Sphaerodinium/Glenodinium/Peridiniopsis Complex",NA,NA,NA,NA,NA,NA,NA,NA,NA,NA,NA
"Dinoflagellate","Pyrrhophyta","Peridiniales","Gonyaulacaceae","Gonyaulax",NA,NA,NA,NA,NA,NA,NA,NA,NA,NA,NA
"Dinoflagellate","Pyrrhophyta","Peridiniales","Oxytoxaceae","Ceratium","Ceratium hirundinella",NA,NA,NA,NA,NA,NA,NA,NA,NA,NA
"Dinoflagellate","Pyrrhophyta","Peridiniales","Peridiniaceae","Gloeodinium",NA,NA,NA,NA,NA,NA,NA,NA,NA,NA,NA
"Dinoflagellate","Pyrrhophyta","Peridiniales","Peridiniaceae","Peridiniopsis",NA,NA,NA,NA,NA,NA,NA,NA,NA,NA,NA
"Dinoflagellate","Pyrrhophyta","Peridiniales","Peridiniaceae","Peridinium",NA,NA,NA,NA,NA,NA,NA,NA,NA,NA,NA
"Euglenoid","Euglenophyta","Euglenales","Euglenaceae","Euglena","Euglena gracilis","Euglena minima","Euglena sanguinea",NA,NA,NA,NA,NA,NA,NA,NA
"Euglenoid","Euglenophyta","Euglenales","Euglenaceae","Lepocinclis","Lepocinclis ovum",NA,NA,NA,NA,NA,NA,NA,NA,NA,NA
"Euglenoid","Euglenophyta","Euglenales","Euglenaceae","Monomorphina",NA,NA,NA,NA,NA,NA,NA,NA,NA,NA,NA
"Euglenoid","Euglenophyta","Euglenales","Euglenaceae","Phacus","Phacus helicoides","Phacus longicauda",NA,NA,NA,NA,NA,NA,NA,NA,NA
"Euglenoid","Euglenophyta","Euglenales","Euglenaceae","Strombomonas",NA,NA,NA,NA,NA,NA,NA,NA,NA,NA,NA
"Euglenoid","Euglenophyta","Euglenales","Euglenaceae","Trachelomonas","Trachelomonas anmata",NA,NA,NA,NA,NA,NA,NA,NA,NA,NA
"Green Algae","Chlorophyta","Chaetophorales","Chaetophoraceae","Protoderma",NA,NA,NA,NA,NA,NA,NA,NA,NA,NA,NA
"Green Algae","Chlorophyta","Chaetophorales","Chaetophoraceae","Stigeoclonium",NA,NA,NA,NA,NA,NA,NA,NA,NA,NA,NA
"Green Algae","Chlorophyta","Chlorococcales","Chlorococcaceae","Characium",NA,NA,NA,NA,NA,NA,NA,NA,NA,NA,NA
"Green Algae","Chlorophyta","Chlorococcales","Chlorococcaceae","Chlorococcum","Chlorococcum humicola",NA,NA,NA,NA,NA,NA,NA,NA,NA,NA
"Green Algae","Chlorophyta","Chlorococcales","Chlorococcaceae","Tetraëdron","Tetraëdron caudatum","Tetraëdron minimum","Tetraëdron minutum","Tetraëdron muticum","Tetraëdron pentaedricum",NA,NA,NA,NA,NA,NA
"Green Algae","Chlorophyta","Chlorococcales","Hydrodictyaceae","Hydrodictyon",NA,NA,NA,NA,NA,NA,NA,NA,NA,NA,NA
"Green Algae","Chlorophyta","Chlorococcales","Hydrodictyaceae","Pediastrum","Pediastrum Boryanum","Pediastrum duplex","Pediastrum duplex clathratum","Pediastrum duplex gracillimum ","Pediastrum duplex rotundatum","Pediastrum kawraiskyi","Pediastrum obtusum","Pediastrum simplex duodenarium","Pediastrum tetras","Pediastrum tetras tetraodon",NA
"Green Algae","Chlorophyta","Chlorococcales","Hydrodictyaceae","Sorastrum",NA,NA,NA,NA,NA,NA,NA,NA,NA,NA,NA
"Green Algae","Chlorophyta","Chlorococcales","Micractiniaceae","Acanthosphaera",NA,NA,NA,NA,NA,NA,NA,NA,NA,NA,NA
"Green Algae","Chlorophyta","Chlorococcales","Micractiniaceae","Golenkinia",NA,NA,NA,NA,NA,NA,NA,NA,NA,NA,NA
"Green Algae","Chlorophyta","Chlorococcales","Micractiniaceae","Keriochlamys",NA,NA,NA,NA,NA,NA,NA,NA,NA,NA,NA
"Green Algae","Chlorophyta","Chlorococcales","Micractiniaceae","Micractinium",NA,NA,NA,NA,NA,NA,NA,NA,NA,NA,NA
"Green Algae","Chlorophyta","Chlorococcales","Microsporaceae","Microspora",NA,NA,NA,NA,NA,NA,NA,NA,NA,NA,NA
"Green Algae","Chlorophyta","Chlorococcales","Oocystaceae","Ankistrodesmus","Ankistrodesmus falcatus","Ankistrodesmus fractus","Ankistrodesmus nannoselene","Ankistrodesmus spiralis",NA,NA,NA,NA,NA,NA,NA
"Green Algae","Chlorophyta","Chlorococcales","Oocystaceae","Botryococcus",NA,NA,NA,NA,NA,NA,NA,NA,NA,NA,NA
"Green Algae","Chlorophyta","Chlorococcales","Oocystaceae","Cerasterias",NA,NA,NA,NA,NA,NA,NA,NA,NA,NA,NA
"Green Algae","Chlorophyta","Chlorococcales","Oocystaceae","Chlorella",NA,NA,NA,NA,NA,NA,NA,NA,NA,NA,NA
"Green Algae","Chlorophyta","Chlorococcales","Oocystaceae","Chlorokybus",NA,NA,NA,NA,NA,NA,NA,NA,NA,NA,NA
"Green Algae","Chlorophyta","Chlorococcales","Oocystaceae","Closteriopsis",NA,NA,NA,NA,NA,NA,NA,NA,NA,NA,NA
"Green Algae","Chlorophyta","Chlorococcales","Oocystaceae","Dictyosphaerium","Dictyosphaerium ehrenbergianum","Dictyosphaerium ehrenbergii","Dictyosphaerium pulchellum",NA,NA,NA,NA,NA,NA,NA,NA
"Green Algae","Chlorophyta","Chlorococcales","Oocystaceae","Dimorphococcus",NA,NA,NA,NA,NA,NA,NA,NA,NA,NA,NA
"Green Algae","Chlorophyta","Chlorococcales","Oocystaceae","Franceia",NA,NA,NA,NA,NA,NA,NA,NA,NA,NA,NA
"Green Algae","Chlorophyta","Chlorococcales","Oocystaceae","Kirchneriella","Kirchneriella contorta","Kirchneriella lunaris","Kirchneriella obesa",NA,NA,NA,NA,NA,NA,NA,NA
"Green Algae","Chlorophyta","Chlorococcales","Oocystaceae","Lagerheimia","Lagerheimia genevensis","Lagerheimia subsalsa",NA,NA,NA,NA,NA,NA,NA,NA,NA
"Green Algae","Chlorophyta","Chlorococcales","Oocystaceae","Monoraphidium",NA,NA,NA,NA,NA,NA,NA,NA,NA,NA,NA
"Green Algae","Chlorophyta","Chlorococcales","Oocystaceae","Nannochloris",NA,NA,NA,NA,NA,NA,NA,NA,NA,NA,NA
"Green Algae","Chlorophyta","Chlorococcales","Oocystaceae","Nephrocytium","Nephrocytium limneticum",NA,NA,NA,NA,NA,NA,NA,NA,NA,NA
"Green Algae","Chlorophyta","Chlorococcales","Oocystaceae","Oocystis","Oocystis elliptica","Oocystis eremosphaeria","Oocystis gigas","Oocystis gloeocystiformis","Oocystis parva","Oocystis pusilla","Oocystis pyriformis","Oocystis solitaria",NA,NA,NA
"Green Algae","Chlorophyta","Chlorococcales","Oocystaceae","Planktosphaeria",NA,NA,NA,NA,NA,NA,NA,NA,NA,NA,NA
"Green Algae","Chlorophyta","Chlorococcales","Oocystaceae","Polyedriopsis",NA,NA,NA,NA,NA,NA,NA,NA,NA,NA,NA
"Green Algae","Chlorophyta","Chlorococcales","Oocystaceae","Quadrigula","Quadrigula chodati","Quadrigula lacustris",NA,NA,NA,NA,NA,NA,NA,NA,NA
"Green Algae","Chlorophyta","Chlorococcales","Oocystaceae","Schroederia",NA,NA,NA,NA,NA,NA,NA,NA,NA,NA,NA
"Green Algae","Chlorophyta","Chlorococcales","Oocystaceae","Selenastrum",NA,NA,NA,NA,NA,NA,NA,NA,NA,NA,NA
"Green Algae","Chlorophyta","Chlorococcales","Oocystaceae","Treubaria",NA,NA,NA,NA,NA,NA,NA,NA,NA,NA,NA
"Green Algae","Chlorophyta","Chlorococcales","Oocystaceae","Trochiscia",NA,NA,NA,NA,NA,NA,NA,NA,NA,NA,NA
"Green Algae","Chlorophyta","Chlorococcales","Oocystaceae","Westella",NA,NA,NA,NA,NA,NA,NA,NA,NA,NA,NA
"Green Algae","Chlorophyta","Chlorococcales","Scenedesmaceae","Actinastrum","Actinastrum hantzschii",NA,NA,NA,NA,NA,NA,NA,NA,NA,NA
"Green Algae","Chlorophyta","Chlorococcales","Scenedesmaceae","Coelastrum","Coelastrum cambricum","Coelastrum microporum","Coelastrum reticulatum","Coelastrum sphaericum",NA,NA,NA,NA,NA,NA,NA
"Green Algae","Chlorophyta","Chlorococcales","Scenedesmaceae","Crucigenia","Crucigenia apiculata","Crucigenia fenestrata","Crucigenia irregularis","Crucigenia quadrata","Crucigenia rectangularis","Crucigenia tetrapedia",NA,NA,NA,NA,NA
"Green Algae","Chlorophyta","Chlorococcales","Scenedesmaceae","Scenedesmus","Scenedesmus acuminatus","Scenedesmus bijuga","Scenedesmus dimorphus","Scenedesmus ecornis","Scenedesmus ovalternus","Scenedesmus quadricuada Westii","Scenedesmus quadricuada maximus","Scenedesmus spinosus",NA,NA,NA
"Green Algae","Chlorophyta","Chlorococcales","Scenedesmaceae","Tetrastrum","Tetrastrum glabrum","Tetrastrum staurogeniaforma",NA,NA,NA,NA,NA,NA,NA,NA,NA
"Green Algae","Chlorophyta","Cladophorales","Cladophoraceae","Rhizoclonium",NA,NA,NA,NA,NA,NA,NA,NA,NA,NA,NA
"Green Algae","Chlorophyta","Oedogoniales","Oedogoniaceae","Oedogonium",NA,NA,NA,NA,NA,NA,NA,NA,NA,NA,NA
"Green Algae","Chlorophyta","Tetrasporales","Coccomyxaceae","Coccomyxa",NA,NA,NA,NA,NA,NA,NA,NA,NA,NA,NA
"Green Algae","Chlorophyta","Tetrasporales","Coccomyxaceae","Dispora",NA,NA,NA,NA,NA,NA,NA,NA,NA,NA,NA
"Green Algae","Chlorophyta","Tetrasporales","Coccomyxaceae","Elakatothrix","Elakatothrix gelatinosa","Elakatothrix giplek",NA,NA,NA,NA,NA,NA,NA,NA,NA
"Green Algae","Chlorophyta","Tetrasporales","Coccomyxaceae","Eremosphaera",NA,NA,NA,NA,NA,NA,NA,NA,NA,NA,NA
"Green Algae","Chlorophyta","Tetrasporales","Gloeocystaceae","Asterococcus",NA,NA,NA,NA,NA,NA,NA,NA,NA,NA,NA
"Green Algae","Chlorophyta","Tetrasporales","Palmellaceae","Chlamydocapsa","Chlamydocapsa limnetica",NA,NA,NA,NA,NA,NA,NA,NA,NA,NA
"Green Algae","Chlorophyta","Tetrasporales","Palmellaceae","Gloeocystis","Gloeocystis planktonica","Gloeocystis vesiculosa",NA,NA,NA,NA,NA,NA,NA,NA,NA
"Green Algae","Chlorophyta","Tetrasporales","Palmellaceae","Sphaerocystis","Sphaerocystis schroeteri",NA,NA,NA,NA,NA,NA,NA,NA,NA,NA
"Green Algae","Chlorophyta","Tetrasporales","Radiococcaceae","Radiococcus",NA,NA,NA,NA,NA,NA,NA,NA,NA,NA,NA
"Green Algae","Chlorophyta","Ulotrichales","Ulotrichaceae","Gloeotila",NA,NA,NA,NA,NA,NA,NA,NA,NA,NA,NA
"Green Algae","Chlorophyta","Ulotrichales","Ulotrichaceae","Planctonema",NA,NA,NA,NA,NA,NA,NA,NA,NA,NA,NA
"Green Algae","Chlorophyta","Ulotrichales","Ulotrichaceae","Ulothrix",NA,NA,NA,NA,NA,NA,NA,NA,NA,NA,NA
"Green Algae","Chlorophyta","Volvocales","Chlamydomonadaceae","Carteria",NA,NA,NA,NA,NA,NA,NA,NA,NA,NA,NA
"Green Algae","Chlorophyta","Volvocales","Chlamydomonadaceae","Chlamydomonas",NA,NA,NA,NA,NA,NA,NA,NA,NA,NA,NA
"Green Algae","Chlorophyta","Volvocales","Chlamydomonadaceae","Diplostauron",NA,NA,NA,NA,NA,NA,NA,NA,NA,NA,NA
"Green Algae","Chlorophyta","Volvocales","Chlamydomonadaceae","Gloeomonas",NA,NA,NA,NA,NA,NA,NA,NA,NA,NA,NA
"Green Algae","Chlorophyta","Volvocales","Chlamydomonadaceae","Polytoma",NA,NA,NA,NA,NA,NA,NA,NA,NA,NA,NA
"Green Algae","Chlorophyta","Volvocales","Chlamydomonadaceae","Scourfieldia",NA,NA,NA,NA,NA,NA,NA,NA,NA,NA,NA
"Green Algae","Chlorophyta","Volvocales","Phacotaceae","Coccomonas",NA,NA,NA,NA,NA,NA,NA,NA,NA,NA,NA
"Green Algae","Chlorophyta","Volvocales","Phacotaceae","Phacotus",NA,NA,NA,NA,NA,NA,NA,NA,NA,NA,NA
"Green Algae","Chlorophyta","Volvocales","Polyblepharidaceae","Spermatozopsis","Spermatozopsis exsultans",NA,NA,NA,NA,NA,NA,NA,NA,NA,NA
"Green Algae","Chlorophyta","Volvocales","Polyblepharidaceae","Tetraselmis",NA,NA,NA,NA,NA,NA,NA,NA,NA,NA,NA
"Green Algae","Chlorophyta","Volvocales","Volvocaceae","Eudorina",NA,NA,NA,NA,NA,NA,NA,NA,NA,NA,NA
"Green Algae","Chlorophyta","Volvocales","Volvocaceae","Gonium",NA,NA,NA,NA,NA,NA,NA,NA,NA,NA,NA
"Green Algae","Chlorophyta","Volvocales","Volvocaceae","Pandorina",NA,NA,NA,NA,NA,NA,NA,NA,NA,NA,NA
"Green Algae","Chlorophyta","Volvocales","Volvocaceae","Platydorina",NA,NA,NA,NA,NA,NA,NA,NA,NA,NA,NA
"Green Algae","Chlorophyta","Volvocales","Volvocaceae","Volvox",NA,NA,NA,NA,NA,NA,NA,NA,NA,NA,NA
"Green Algae","Chlorophyta","Zygnematales","Desmidiaceae","Closterium","Closterium kuetzingii",NA,NA,NA,NA,NA,NA,NA,NA,NA,NA
"Green Algae","Chlorophyta","Zygnematales","Desmidiaceae","Cosmarium","Cosmarium garrolense",NA,NA,NA,NA,NA,NA,NA,NA,NA,NA
"Green Algae","Chlorophyta","Zygnematales","Desmidiaceae","Docidium",NA,NA,NA,NA,NA,NA,NA,NA,NA,NA,NA
"Green Algae","Chlorophyta","Zygnematales","Desmidiaceae","Euastrum",NA,NA,NA,NA,NA,NA,NA,NA,NA,NA,NA
"Green Algae","Chlorophyta","Zygnematales","Desmidiaceae","Micrasterias",NA,NA,NA,NA,NA,NA,NA,NA,NA,NA,NA
"Green Algae","Chlorophyta","Zygnematales","Desmidiaceae","Pleurotaenium",NA,NA,NA,NA,NA,NA,NA,NA,NA,NA,NA
"Green Algae","Chlorophyta","Zygnematales","Desmidiaceae","Spondylosium","Spondylosium planum",NA,NA,NA,NA,NA,NA,NA,NA,NA,NA
"Green Algae","Chlorophyta","Zygnematales","Desmidiaceae","Staurastrum","Staurastrum paradoxum",NA,NA,NA,NA,NA,NA,NA,NA,NA,NA
"Green Algae","Chlorophyta","Zygnematales","Desmidiaceae","Staurodesmus",NA,NA,NA,NA,NA,NA,NA,NA,NA,NA,NA
"Green Algae","Chlorophyta","Zygnematales","Desmidiaceae","Staurodesmus/Arthrodesmus/Octacanthium",NA,NA,NA,NA,NA,NA,NA,NA,NA,NA,NA
"Green Algae","Chlorophyta","Zygnematales","Desmidiaceae","Teilingia",NA,NA,NA,NA,NA,NA,NA,NA,NA,NA,NA
"Green Algae","Chlorophyta","Zygnematales","Desmidiaceae","Xanthidium",NA,NA,NA,NA,NA,NA,NA,NA,NA,NA,NA
"Green Algae","Chlorophyta","Zygnematales","Mesotaeniaceae","Mesotaenium",NA,NA,NA,NA,NA,NA,NA,NA,NA,NA,NA
"Green Algae","Chlorophyta","Zygnematales","Mesotaeniaceae","Netrium",NA,NA,NA,NA,NA,NA,NA,NA,NA,NA,NA
"Green Algae","Chlorophyta","Zygnematales","Mesotaeniaceae","Roya",NA,NA,NA,NA,NA,NA,NA,NA,NA,NA,NA
"Green Algae","Chlorophyta","Zygnematales","Zygnemataceae","Mougeotia",NA,NA,NA,NA,NA,NA,NA,NA,NA,NA,NA
"Green Algae","Chlorophyta","Zygnematales","Zygnemataceae","Spirogyra",NA,NA,NA,NA,NA,NA,NA,NA,NA,NA,NA
"Green Algae","Chlorophyta","Zygnematales","Zygnemataceae","Zygnema",NA,NA,NA,NA,NA,NA,NA,NA,NA,NA,NA
"Red Algae","Rhodophyta","Bangiales","Goniotrichaceae","Asterocystis",NA,NA,NA,NA,NA,NA,NA,NA,NA,NA,NA
"Yello-Green Algae","Chrysophyta","Chloramoebales","Chloramoebaceae","Polykyrtos",NA,NA,NA,NA,NA,NA,NA,NA,NA,NA,NA
"Yello-Green Algae","Chrysophyta","Chloromonadales ","Vacuolariaceae ","Vacuolaria",NA,NA,NA,NA,NA,NA,NA,NA,NA,NA,NA
"Yello-Green Algae","Chrysophyta","Chromulinales","Chromulinaceae","Chromulina",NA,NA,NA,NA,NA,NA,NA,NA,NA,NA,NA
"Yello-Green Algae","Chrysophyta","Chromulinales","Chromulinaceae","Kephyrion",NA,NA,NA,NA,NA,NA,NA,NA,NA,NA,NA
"Yello-Green Algae","Chrysophyta","Chromulinales","Chromulinaceae","Pseudokephyrion",NA,NA,NA,NA,NA,NA,NA,NA,NA,NA,NA
"Yello-Green Algae","Chrysophyta","Chromulinales","Chrysocapsaceae","Chrysocapsa",NA,NA,NA,NA,NA,NA,NA,NA,NA,NA,NA
"Yello-Green Algae","Chrysophyta","Chrysamoebidales ","Chrysamoebidiaceae ","Chrysidiastrum",NA,NA,NA,NA,NA,NA,NA,NA,NA,NA,NA
"Yello-Green Algae","Chrysophyta","Chrysococcales","Chrysococcaceae","Chrysococcus",NA,NA,NA,NA,NA,NA,NA,NA,NA,NA,NA
"Yello-Green Algae","Chrysophyta","Chrysomonadales","Dinobryaceae","Dinobryon","Dinobryon bavaricum","Dinobryon eurystoma","Dinobryon sertularia",NA,NA,NA,NA,NA,NA,NA,NA
"Yello-Green Algae","Chrysophyta","Chrysomonadales","Dinobryaceae","Dinobryon (empty lorica)",NA,NA,NA,NA,NA,NA,NA,NA,NA,NA,NA
"Yello-Green Algae","Chrysophyta","Chrysomonadales","Ochromonadaceae","Phaeoplaca",NA,NA,NA,NA,NA,NA,NA,NA,NA,NA,NA
"Yello-Green Algae","Chrysophyta","Chrysomonadales","Ochromonadaceae","Stylochrysalis",NA,NA,NA,NA,NA,NA,NA,NA,NA,NA,NA
"Yello-Green Algae","Chrysophyta","Chrysomonadales","Ochromonadaceae","Uroglena",NA,NA,NA,NA,NA,NA,NA,NA,NA,NA,NA
"Yello-Green Algae","Chrysophyta","Chrysomonadales","Synuraceae","Chrysodidymus",NA,NA,NA,NA,NA,NA,NA,NA,NA,NA,NA
"Yello-Green Algae","Chrysophyta","Chrysomonadales","Synuraceae","Chrysosphaerella",NA,NA,NA,NA,NA,NA,NA,NA,NA,NA,NA
"Yello-Green Algae","Chrysophyta","Chrysomonadales","Synuraceae","Mallomonas",NA,NA,NA,NA,NA,NA,NA,NA,NA,NA,NA
"Yello-Green Algae","Chrysophyta","Chrysomonadales","Synuraceae","Synura",NA,NA,NA,NA,NA,NA,NA,NA,NA,NA,NA
"Yello-Green Algae","Chrysophyta","Chrysomonadales","Undetermined","Bitrichia",NA,NA,NA,NA,NA,NA,NA,NA,NA,NA,NA
"Yello-Green Algae","Chrysophyta","Chrysophaerales","Chrysosphaeraceae","Chrysosphaera",NA,NA,NA,NA,NA,NA,NA,NA,NA,NA,NA
"Yello-Green Algae","Chrysophyta","Heterococcales","Pleurochloridaceae","Botrydiopsis",NA,NA,NA,NA,NA,NA,NA,NA,NA,NA,NA
"Yello-Green Algae","Chrysophyta","Heterococcales","Sciadaceae","Centritractus",NA,NA,NA,NA,NA,NA,NA,NA,NA,NA,NA
"Yello-Green Algae","Chrysophyta","Heterococcales","Sciadaceae","Ophiocytium","Ophiocytium capitatum",NA,NA,NA,NA,NA,NA,NA,NA,NA,NA
"Yello-Green Algae","Chrysophyta","Heterotrichales","Tribonemataceae","Tribonema",NA,NA,NA,NA,NA,NA,NA,NA,NA,NA,NA
"Yello-Green Algae","Chrysophyta","Mischococcales","Characiopsidaceae","Characiopsis",NA,NA,NA,NA,NA,NA,NA,NA,NA,NA,NA
"Yello-Green Algae","Chrysophyta","Mischococcales","Characiopsidaceae","Peroniella",NA,NA,NA,NA,NA,NA,NA,NA,NA,NA,NA
"Yello-Green Algae","Chrysophyta","Mischococcales","Pleurochloridaceae","Goniochloris",NA,NA,NA,NA,NA,NA,NA,NA,NA,NA,NA
"Yello-Green Algae","Chrysophyta","Mischococcales","Pleurochloridaceae","Pleurogaster",NA,NA,NA,NA,NA,NA,NA,NA,NA,NA,NA
"Yello-Green Algae","Chrysophyta","Ochromonadales","Ochromonadaceae","Ochromonas",NA,NA,NA,NA,NA,NA,NA,NA,NA,NA,NA
"Yello-Green Algae","Chrysophyta","Prymnesiales","Prymnesiaceae ","Chrysochromulina",NA,NA,NA,NA,NA,NA,NA,NA,NA,NA,NA
"Yello-Green Algae","Chrysophyta","Rhizochloridales","Stipitococcaceae","Stipitococcus",NA,NA,NA,NA,NA,NA,NA,NA,NA,NA,NA
"Yello-Green Algae","Chrysophyta",NA,NA,"Encapsulating Chrysophyte",NA,NA,NA,NA,NA,NA,NA,NA,NA,NA,NA
"Yello-Green Algae","Isthmochoron","Tribophyceae","Mischococcales","Pseudostaurastrum","Pseudostaurastrum limnetica",NA,NA,NA,NA,NA,NA,NA,NA,NA,NA
