flag,phylum,subphylum,class,subclass,order,family,genus,genus_new,authority,note,link
,Bacillariophyta,Bacillariophytina,Mediophyceae,Chaetocerotophycidae,Chaetocerotales,Chaetocerotaceae,Acanthoceras,,"H.Honigmann, 1909",,http://algaebase.org/search/genus/detail/?genus_id=df01d69a9b681de7a&sk=0
,Chlorophyta,Chlorophytina,Trebouxiophyceae,,Chlorellales,Chlorellaceae,Acanthosphaera,,"Lemmermann, 1899",,
,Bacillariophyta,Bacillariophytina,Bacillariophyceae,Bacillariophycidae,Mastogloiales,Achnanthaceae,Achnanthes,,"Bory, 1822",,
,Bacillariophyta,Bacillariophytina,Bacillariophyceae,Bacillariophycidae,Cocconeidales,Achnanthidiaceae,Achnanthidium,,"Kützing, 1844",,
,Chlorophyta,Chlorophytina,Trebouxiophyceae,,Chlorellales,Chlorellaceae,Actinastrum,,"Lagerheim, 1882",,
,Bacillariophyta,Coscinodiscophytina,Coscinodiscophyceae,Coscinodiscophycidae,Coscinodiscales,Hemidiscaceae,Actinocyclus,,"Ehrenberg, 1837",,
,Miozoa,Myzozoa,Dinophyceae,,Gymnodiniales,Gymnodiniaceae,Amphidinium,,"É.Claperède & J.Lachmann, 1859",,
,Bacillariophyta,Bacillariophytina,Bacillariophyceae,Bacillariophycidae,Naviculales,Amphipleuraceae,Amphipleura,,"Kützing, 1844",,http://algaebase.org/search/genus/detail/?genus_id=dc50426eb888547d3&-session=abv4:CC2E5C920c81127EDFth25D6836A
,Bacillariophyta,Bacillariophytina,Bacillariophyceae,Bacillariophycidae,Naviculales,Amphipleuraceae,Amphiprora,,"Ehrenberg, 1843",,http://algaebase.org/search/genus/detail/?genus_id=m0b1d36d0d0eeb395&sk=0
,Bacillariophyta,Bacillariophytina,Bacillariophyceae,Bacillariophycidae,Thalassiophysales,Catenulaceae,Amphora,,"Ehrenberg ex Kützing, 1844",,
,Cyanobacteria,,Cyanophyceae,Nostocophycidae,Nostocales,Nostocaceae,Anabaena,,"Bory ex Bornet & Flahault, 1886",,http://algaebase.org/search/genus/detail/?genus_id=c9d14abc6858548dd&sk=0
,Cyanobacteria,,Cyanophyceae,Nostocophycidae,Nostocales,Aphanizomenonaceae,Anabaenopsis,,"V.V.Miller, 1923",,http://algaebase.org/search/genus/detail/?genus_id=U4ecd2d85454eff96&-session=abv4:CC2E5C920c81127EDFth25D6836A
,Bacillariophyta,Bacillariophytina,Bacillariophyceae,Bacillariophycidae,Mastogloiales,Mastogloiaceae,Aneumastus,,"D.G.Mann & A.J.Stickle, 1990",,
,Chlorophyta,Chlorophytina,Chlorophyceae,,Sphaeropleales,Selenastraceae,Ankistrodesmus,,"Corda, 1838",,http://algaebase.org/search/genus/detail/?genus_id=k27a57d5f446797cc&-session=abv4:CC2E5C920c81127EDFth25D6836A
,Chlorophyta,Chlorophytina,Chlorophyceae,,Sphaeropleales,Characiaceae,Ankyra,,"Fott, 1957",,http://algaebase.org/search/genus/detail/?genus_id=ye2330d54d2ec8047&-session=abv4:CC2E5C920c81127EDFth25D6836A
,Bacillariophyta,Bacillariophytina,Bacillariophyceae,Bacillariophycidae,Cymbellales,Anomoeoneidaceae,Anomoeoneis,,"Pfitzer, 1871",,
,Cyanobacteria,,Cyanophyceae,Nostocophycidae,Nostocales,Aphanizomenonaceae,Aphanizomenon,,"A.Morren ex É.Bornet & C.Flahault, 1886 '1888'",,http://algaebase.org/search/genus/detail/?genus_id=k11b76567ee4e6dff&-session=abv4:CC2E5C920c81127EDFth25D6836A
,Cyanobacteria,,Cyanophyceae,Synechococcophycidae,Synechococcales,Merismopediaceae,Aphanocapsa,,"C.Nägeli, 1849",,http://algaebase.org/search/genus/detail/?genus_id=F11dc71dce43a782c&sk=0
,Charophyta,,Conjugatophyceae ,,Desmidiales,Desmidiaceae,Arthrodesmus,,"Ehrenberg ex Ralfs, 1848",,http://algaebase.org/search/genus/detail/?genus_id=e1e7a8fc68c99c0f6&-session=abv4:CC2E5C920c81127EDFth25D6836A
,Cyanobacteria,,Cyanophyceae,Oscillatoriophycidae,Oscillatoriales,Microcoleaceae,Arthrospira,,"Sitzenberger ex Gomont, 1892",,http://algaebase.org/search/genus/detail/?genus_id=c81faff710221cf5a&-session=abv4:CC2E5C920c81127EDFth25D6836A
,Bacillariophyta, Bacillariophytina,Bacillariophyceae,Fragilariophycidae,Tabellariales,Tabellariaceae,Asterionella,,"Hassall, 1850",,http://algaebase.org/search/genus/detail/?genus_id=m181fbf6807d5701d&-session=abv4:CC2E5C920c81127EDFth25D6836A
,Cyanobacteria,,Cyanophyceae,Oscillatoriophycidae,Chroococcales,Chroococcaceae,Asterocapsa,,"Chu, H.-J. (1952)",,http://algaebase.org/search/genus/detail/?genus_id=ef2bbd033ad11ebf7&-session=abv4:CC2E5C920c7ad2E632sGFB4C9A8A
,Chlorophyta,Chlorophytina,Chlorophyceae,,Chlamydomonadales,Palmellopsidaceae,Asterococcus,,"Scherffel, 1908",,http://algaebase.org/search/genus/detail/?genus_id=me70bcc7c2b357d9b&-session=abv4:CC2E5C920c81127EDFth25D6836A
,Rhodophyta,Rhodellophytina,Stylonematophyceae,,Stylonematales,Stylonemataceae,Asterocystis,Choodactylon,,,http://cfb.unh.edu/phycokey/Choices/Rhodophyceae/Microreds/CHROODACTYLON/Chroodactylon_key.htm
,Bacillariophyta,Coscinodiscophytina,Coscinodiscophyceae,,Aulacoseiraceae,Aulacoseiraceae,Aulacoseira,,"Thwaites, 1848",,http://algaebase.org/search/genus/detail/?genus_id=u501ed47346d7b3e3&sk=0
,Cyanobacteria,,Cyanophyceae,Nostocophycidae,Nostocales,Fortiaceae,Aulosira,,"O.Kirchner ex É.Bornet & C.Flahault, 1886",,
,Bacillariophyta,Bacillariophytina,Bacillariophyceae,Bacillariophycidae,Bacillariales,Bacillariaceae,Bacillaria,,"J.F.Gmelin, 1791",,http://algaebase.org/search/genus/detail/?genus_id=J2335e6205d52bee2&-session=abv4:CC2E5C920c81127EDFth25D6836A
,Charophyta,,Conjugatophyceae ,,Desmidiales,Desmidiaceae,Bambusina,,"Kützing ex Kützing, 1849",,http://algaebase.org/search/genus/detail/?genus_id=r182c389be8a9341e&-session=abv4:CC2E5C920c81127EDFth25D6836A
,Chlorophyta,Chlorophytina,Ulvophyceae,,Ulotrichales,Gloeotilaceae,Binuclearia,,"Wittrock, 1886",,http://algaebase.org/search/genus/detail/?genus_id=bc2739aa522e0bf09&-session=abv4:CC2E5C920c81127EDFth25D6836A
,Ochrophyta,,Chrysophyceae,,Hibberdiales,Stylococcaceae,Bitrichia,,"Woloszynska, 1914",,http://algaebase.org/search/genus/detail/?genus_id=q9a8c6451cec2d6f6&-session=abv4:CC2E5C920c81127EDFth25D6836A
,Cyanobacteria,,Cyanophyceae,Oscillatoriophycidae,Oscillatoriales,Borziaceae,Borzia,,"F.Cohn ex M.Gomont, 1892",,
,Ochrophyta,,Xanthophyceae,,Mischococcales,Botrydiopsidaceae,Botrydiopsis,,"Borzì, 1889",,
,Chlorophyta,Chlorophytina,Trebouxiophyceae,,Trebouxiales,Botryococcaceae,Botryococcus,,"Kützing, 1849",,http://algaebase.org/search/genus/detail/?genus_id=s4e187d7c08ac3634&-session=abv4:CC2E5C920c81127EDFth25D6836A
,Bacillariophyta,Bacillariophytina,Bacillariophyceae,Bacillariophycidae,Naviculales,Brachysiraceae,Brachysira,,"Kützing, 1836",,
,Chlorophyta,Chlorophytina,Chlorophyceae,,Oedogoniales,Oedogoniaceae,Bulbochaete,,"C.Agardh, 1817",,http://algaebase.org/search/genus/detail/?genus_id=B7972d94a0be4d129&-session=abv4:CC2E5C920c81127EDFth25D6836A
,Bacillariophyta,Bacillariophytina,Bacillariophyceae,Bacillariophycidae,Naviculales,Naviculaceae,Caloneis,,"Cleve, 1894",,
,Cyanobacteria,,Cyanophyceae,Nostocophycidae,Nostocales,Rivulariaceae,Calothrix,,"C.Agardh ex Bornet & Flahault, 1886",,http://algaebase.org/search/genus/detail/?genus_id=H72f7bde74b4a1ec1&-session=abv4:CC2E5C920c81127EDFth25D6836A
,Bacillariophyta,Bacillariophytina,Bacillariophyceae,Bacillariophycidae,Surirellales,Surirellaceae,Campylodiscus,,"Ehrenberg ex Kützing, 1844",,
,Cryptophyta,,Cryptophyceae,,Cryptomonadales,Campylomonadaceae,Campylomonas,,"D.R.A.Hill, 1991",,
,Chlorophyta,Chlorophytina,Chlorophyceae,,Chlamydomonadales,Chlamydomonadaceae,Carteria,,"Diesing, 1866",,http://algaebase.org/search/genus/detail/?genus_id=k6e8a1de0afb4e24e&sk=0
,Ochrophyta,,Xanthophyceae,,Mischococcales,Centritractaceae,Centritractus,,"Lemmermann, 1900","nom. Cons ""Centratractus""",
,Chlorophyta,Chlorophytina,Trebouxiophyceae,,Chlorellales,Oocystaceae,Cerasterias,,"Reinsch, 1867",,
,Miozoa,Myzozoa,Dinophyceae,,Gonyaulacales,Ceratiaceae,Ceratium,," F.Schrank, 1793",,http://algaebase.org/search/genus/detail/?genus_id=t40358b280e02ea75&sk=0
,Bacillariophyta,Bacillariophytina,Mediophyceae,Chaetocerotophycidae,Chaetocerotales,Chaetocerotaceae,Chaetoceros,,"Ehrenberg, 1844",,http://algaebase.org/search/genus/detail/?genus_id=W64bfbdaede3e4d2e&-session=abv4:CC2E5C920c81127EDFth25D6836A
,Ochrophyta,,Xanthophyceae,,Mischococcales,Characiopsidaceae,Characiopsis,,"Borzì, 1895",currently regarded as a synonym of Pseudocharaciopsis.,http://algaebase.org/search/genus/detail/?genus_id=S12bb5f4568de8d1f&sk=0
,Chlorophyta,Chlorophytina,Chlorophyceae,,Sphaeropleales,Characiaceae,Characium,,"A. Braun, 1849",,http://algaebase.org/search/genus/detail/?genus_id=Nd5da15b6508cddc6&sk=0
,Cryptophyta,,Cryptophyceae,,Cryptomonadales,Campylomonadaceae,Chilomonas,,"Ehrenberg, 1831",currently regarded as a synonym of Cryptomonas,
,Chlorophyta,Chlorophytina,Chlorophyceae,,Chlamydomonadales,Palmellopsidaceae,Chlamydocapsa,,"Fott, 1972",,
,Chlorophyta,Chlorophytina,Chlorophyceae,,Chlamydomonadales,Chlamydomonadaceae,Chlamydomonas,,"Ehrenberg, 1833, nom. cons.",,http://algaebase.org/search/genus/detail/?genus_id=y10c7d7560efae365&sk=0
,Chlorophyta,Chlorophytina,Trebouxiophyceae,,Chlorellales,Chlorellaceae,Chlorella,,"Beyerinck [Beijerinck], 1890",,http://algaebase.org/search/genus/detail/?genus_id=j36ebeeb049555c7c&sk=0
,Chlorophyta,Chlorophytina,Chlorophyceae,,Chlamydomonadales,Chlorococcaceae,Chlorococcum,,"Meneghini, 1842",,http://algaebase.org/search/genus/detail/?genus_id=Y8ada1dd9a5ea9305&sk=0
,Cyanobacteria,,Cyanophyceae,Oscillatoriophycidae,Chroococcales,Entophysalidaceae,Chlorogloea,,"Wille, 1900",,http://algaebase.org/search/genus/detail/?genus_id=Q64f74bcb42354b96&sk=0
,Chlorophyta,Chlorophytina,Chlorophyceae,,Chlamydomonadales,Haematococcaceae,Chlorogonium,,"Ehrenberg, 1836",,http://algaebase.org/search/genus/detail/?genus_id=sea3b592be577e259&-session=abv4:CC2E5C920c81127EDFth25D6836A
,Charophyta,,Chlorokybophyceae,,Chlorokybales,Chlorokybaceae,Chlorokybus,,"Geitler, 1942",,
,Chlorophyta,Chlorophytina,Chlorophyceae,,Sphaeropleales,Selenastraceae,Chlorolobion,,"Korshikov, 1953",,http://algaebase.org/search/genus/detail/?genus_id=H431ce0eb4595f18c&-session=abv4:CC2E5C920c81127EDFth25D6836A
,Chlorophyta,Chlorophytina,Chlorophyceae,,Sphaeropleales,Neochloridaceae,Chlorotetraedron,,"F.J.MacEntee, Bold & P.A.Archibald, 1978",,http://algaebase.org/search/genus/detail/?genus_id=fee3820d759f0032f&-session=abv4:CC2E5C920c81127EDFth25D6836A
,Cyanobacteria,,Cyanophyceae,Oscillatoriophycidae,Chroococcales,Chroococcaceae,Chondrocystis,,"Lemmermann, 1899",,
,Ochrophyta,,Chrysophyceae,,Chromulinales,Chromulinaceae,Chromulina,,"L.Cienkowsky, 1870",,http://algaebase.org/search/genus/detail/?genus_id=Kc84e8a7bf067b816&sk=0
,Cyanobacteria,,Cyanophyceae,Oscillatoriophycidae,Chroococcales,Chroococcaceae,Chroococcus,,"Nägeli, 1849",,http://algaebase.org/search/genus/detail/?genus_id=F80fe66062d5de44c&-session=abv4:CC2E5C920c81127EDFth25D6836A
,Cryptophyta,,Cryptophyceae,,Pyrenomonadales,Chroomonadaceae,Chroomonas,,"Hansgirg, 1885",,
,Ochrophyta,,Chrysophyceae,,Chromulinales,Chrysamoebaceae,Chrysidiastrum,,"Lauterborn, 1913",,
,Ochrophyta,,Chrysophyceae,,Chromulinales,Chrysamoebaceae,Chrysocapsa,,"Pascher, 1913",,
,Ochrophyta,,Chrysophyceae,,Chromulinales,Chrysocapsaceae,Chrysocapsella,,,,http://algaebase.org/search/genus/detail/?genus_id=Gf33daa82f69b4617&-session=abv4:CC2E5C920c7ad2E632sGFB4C9A8A
,Haptophyta,,Coccolithophyceae,Prymnesiophycidae,Prymnesiales,Chrysochromulinaceae,Chrysochromulina,," Lackey, 1939",,
,Ochrophyta,,Chrysophyceae,,Chromulinales,Dinobryaceae,Chrysococcus,,"Klebs, 1892",,
,Ochrophyta,,Synurophyceae,,Synurales,Synuraceae,Chrysodidymus,,"Prowse, 1962",,
,Ochrophyta,,Chrysophyceae,,Chromulinales,Chrysosphaeraceae,Chrysosphaera,,"Pascher, 1914",,
,Ochrophyta,,Chrysophyceae,,Chromulinales,Paraphysomonadaceae,Chrysosphaerella,,"Lauterborn, 1896",,
,Chlorophyta,Chlorophytina,Ulvophyceae,,Cladophorales,Cladophoraceae,Cladophora,,"Kützing, 1843",,
,Chlorophyta,Chlorophytina,Trebouxiophyceae,,Chlorellales,Chlorellaceae,Closteriopsis,,"Lemmermann, 1899",,
,Charophyta,,Conjugatophyceae ,,Desmidiales,Closteriaceae,Closterium,,"Nitzsch ex Ralfs, 1848",,
,Chlorophyta,Chlorophytina,Chlorophyceae,,Chlamydomonadales,Phacotaceae,Coccomonas,,"Stein, 1878",,
,Chlorophyta,Chlorophytina,Chlorophyceae,,Chlamydomonadales,Coccomyxaceae,Coccomyxa,,"Schmidle, 1901",,
,Bacillariophyta,Bacillariophytina,Bacillariophyceae,Bacillariophycidae,Cocconeidales,Cocconeidaceae,Cocconeis,,"Ehrenberg, 1836",,
,Chlorophyta,Chlorophytina,Chlorophyceae,,Sphaeropleales,Scenedesmaceae,Coelastrum,,"Nägeli, 1849",,
,Cyanobacteria,,Cyanophyceae,Synechococcophycidae,Synechococcales,Coelosphaeriaceae,Coelomoron,,"H.F.Buell, 1938",,
,Cyanobacteria,,Cyanophyceae,Synechococcophycidae,Synechococcales,Coelosphaeriaceae,Coelosphaerium,,"Nägeli, 1849",,
,Chlorophyta,Chlorophytina,Chlorophyceae,,Sphaeropleales,Radiococcaceae,Coenochloris,,"Korshikov, 1953",,
,Chlorophyta,Chlorophytina,Chlorophyceae,,Sphaeropleales,Radiococcaceae,Coenococcus,,"Korshikov, 1953",,
,Chlorophyta,Chlorophytina,Trebouxiophyceae,,Chlorellales,Chlorellales,Coronastrum,,"R.H.Thompson, 1938",,
,Bacillariophyta,Coscinodiscophytina,Coscinodiscophyceae,Coscinodiscophycidae,Coscinodiscales,Coscinodiscaceae,Coscinodiscus,,"Ehrenberg, 1839",,
,Charophyta,,Conjugatophyceae ,,Desmidiales,Desmidiaceae,Cosmarium,,"ex Ralfs, 1848",,
,Bacillariophyta,Bacillariophytina,Bacillariophyceae,Bacillariophycidae,Naviculales,Stauroneidaceae,Craticula,,"Grunow, 1867",,
,Chlorophyta,Chlorophytina,Trebouxiophyceae,, Trebouxiophyceae ordo incertae sedis,Trebouxiophyceae incertae sedis,Crucigenia,,"Morren, 1830",Crucigenia and Crucigeniella are synonyms; use Crucigenia,http://algaebase.org/search/genus/detail/?genus_id=b0b7197b93a771cdb&-session=abv4:CC2E5C920c81127EDFth25D6836A
,Cryptophyta,,Cryptophyceae,,Cryptomonadales,Cryptomonadaceae,Cryptomonas,,"Ehrenberg, 1831",,
,Bacillariophyta,Bacillariophytina,Bacillariophyceae,Fragilariophycidae,Licmophorales,Ulnariaceae,Ctenophora,,"(Grunow) D.M.Williams & Round, 1986",,
,Cyanobacteria,,Cyanophyceae,Synechococcophycidae,Synechococcales,Synechococcaceae,Cyanodictyon,,"A.Pascher, 1914",,
,Cyanobacteria,,Cyanophyceae,Synechococcophycidae,Synechococcales,Synechococcaceae,Cyanogranis,,"F.Hindák, 1982",,
,Cyanobacteria,,Cyanophyceae,Oscillatoriophycidae,Chroococcales,Chroococcaceae,Cyanokybus,,"J.Schiller, 1956",,
,Cyanobacteria,,Cyanophyceae,Oscillatoriophycidae,Chroococcales,Chroococcaceae,Cyanosarcina,,"L.Kovácik, 1988",,
,Cyanobacteria,,Cyanophyceae,Oscillatoriophycidae,Oscillatoriales,Cyanothecaceae,Cyanothece,,"Komárek, 1976",,
,Bacillariophyta,Bacillariophytina,Mediophyceae,Thalassiosirophycidae,Stephanodiscales,Stephanodiscaceae,Cyclostephanos,," Round, 1987",,
,Bacillariophyta,Bacillariophytina,Mediophyceae,Thalassiosirophycidae,Stephanodiscales,Stephanodiscaceae,Cyclotella,,"(Kützing) Brébisson, 1838",,
,Cryptophyta,,Cryptophyceae,,Chlamydomonadales,Cylindrocapsaceae,Cylindrocapsa,,"Reinsch, 1867",,
,Cyanobacteria,,Cyanophyceae,Nostocophycidae,Nostocales,Aphanizomenonaceae,Cylindrospermopsis,,"G.Seenayya & N.Subba Raju, 1972",,
,Cyanobacteria,,Cyanophyceae,Nostocophycidae,Nostocales,Nostocaceae,Cylindrospermum,,"Kützing ex É.Bornet & C.Flahault, 1886",,
,Bacillariophyta,Bacillariophytina,Bacillariophyceae,Bacillariophycidae,Bacillariales,Bacillariaceae,Cylindrotheca,,"Rabenhorst, 1859",,
,Bacillariophyta,Bacillariophytina,Bacillariophyceae,Bacillariophycidae,Surirellales,Surirellaceae,Cymatopleura,,"W.Smith, 1851",,
,Bacillariophyta,Bacillariophytina,Bacillariophyceae,Bacillariophycidae,Cymbellales,Cymbellaceae,Cymbella,,"C.Agardh, 1830",,
,Bacillariophyta,Bacillariophytina,Bacillariophyceae,Bacillariophycidae,Cymbellales,Cymbellaceae,Cymbopleura,,"(Krammer) Krammer, 1999",,
,Miozoa,Myzozoa,Dinophyceae,,Phytodiniales,Phytodiniaceae,Cystodinium,,"Klebs, 1912",,
,Cyanobacteria,,Cyanophyceae,Oscillatoriophycidae,Chroococcales,Chroococcaceae,Dactylococcopsis,,"Hansgirg, 1888",,
,Bacillariophyta,Bacillariophytina,Bacillariophyceae,Bacillariophycidae,Bacillariales,Bacillariaceae,Denticula,,"Kützing, 1844",,http://algaebase.org/search/genus/detail/?genus_id=p8d6824aa41e5cfe2&sk=0
,Charophyta,,Conjugatophyceae ,,Desmidiales,Desmidiaceae,Desmidium,,"C.Agardh ex Ralfs, 1848",,
,Chlorophyta,Chlorophytina,Trebouxiophyceae,,Chlorellales,Chlorellaceae,Diacanthos,,"Korshikov, 1953",,
,Bacillariophyta,Bacillariophytina,Bacillariophyceae,Bacillariophycidae,Naviculales,Diadesmidaceae,Diadesmis,,"Kützing, 1844",,
,Bacillariophyta,Bacillariophytina,Bacillariophyceae,Fragilariophycidae,Tabellariales,Tabellariaceae,Diatoma,,"Bory, 1824, nom. et typ. cons.",,http://algaebase.org/search/genus/detail/?genus_id=Y355cee1885d527c6&sk=0
,Ochrophyta,,Dictyochophyceae,,Dictyochales,Dictyochaceae,Dictyocha,,"Ehrenberg, 1837",,
,Chlorophyta,Chlorophytina,Trebouxiophyceae,,Chlorellales,Chlorellaceae,Dictyosphaerium,,"Nägeli, 1849",,
,Chlorophyta,Chlorophytina,Trebouxiophyceae,,Chlorellales,Chlorellaceae,Didymogenes,,"Schmidle, 1905",,
,Chlorophyta,Chlorophytina,Chlorophyceae,,Sphaeropleales,Scenedesmaceae,Dimorphococcus,,"Braun, 1855",,
,Ochrophyta,,Chrysophyceae,,Chromulinales,Dinobryaceae,Dinobryon,,"Ehrenberg, 1834",,
,Miozoa,Myzozoa,Dinophyceae,,Dinophysiales,Dinophysaceae,Dinophysis,,"Ehrenberg, 1839",,
,Bacillariophyta,Bacillariophytina,Bacillariophyceae,Bacillariophycidae,Naviculales,Diploneidaceae,Diploneis,,"Ehrenberg ex Cleve, 1894",,
,Chlorophyta,Chlorophytina,Chlorophyceae,,Chlamydomonadales,Chlamydomonadaceae,Diplostauron,,"A.A.Korschikov, 1925",,
,Bacillariophyta,Bacillariophytina,Mediophyceae,Thalassiosirophycidae,Stephanodiscales,Stephanodiscaceae,Discostella,,"V.Houk & R.Klee, 2004",,
,Chlorophyta,Chlorophytina,Chlorophyceae,,Chlamydomonadales,Coccomyxaceae,Dispora,,"Printz, 1914",,
,Bacillariophyta,Bacillariophytina,Bacillariophyceae,Fragilariophycidae,Tabellariales,Tabellariaceae,Distrionella,,"D.M.Williams, 1990",,
,Charophyta,,Conjugatophyceae ,,Desmidiales,Desmidiaceae,Docidium,,"Brébisson ex Ralfs, 1848",,
,Cyanobacteria,,Cyanophyceae,Nostocophycidae,Nostocales,Aphanizomenonaceae,Dolichospermum,,"(Ralfs ex Bornet & Flahault) P.Wacklin, L.Hoffmann & J.Komárek, 2009",,http://algaebase.org/search/genus/detail/?genus_id=Z4af28bff1263ad75&sk=0
,Chlorophyta,Chlorophytina,Chlorophyceae,,Chlamydomonadales,Phacotaceae,Dysmorphococcus,,"Takeda, 1916",,
,Charophyta,,Klebsormidiophyceae,,Klebsormidiales,Elakatotrichaceae,Elakatothrix,,"Wille, 1898",,
,Bacillariophyta,Bacillariophytina,Bacillariophyceae,Bacillariophycidae,Cymbellales,Gomphonemataceae,Encyonema,,"Kützing, 1834",,
,Bacillariophyta,Bacillariophytina,Bacillariophyceae,Bacillariophycidae,Cymbellales,Gomphonemataceae,Encyonopsis,,"Krammer, 1997",,
,Miozoa,Myzozoa,Dinophyceae,,Peridiniales,Thoracosphaeraceae,Ensiculifera,,"Balech ex K.Matsuoka, S.Kobayashi & G.Gains, 1990",,
,Bacillariophyta,Bacillariophytina,Bacillariophyceae,Bacillariophycidae,Surirellales,Entomoneidaceae,Entomoneis,,"Ehrenberg, 1845",,
,Bacillariophyta,Bacillariophytina,Bacillariophyceae,Bacillariophycidae,Rhopalodiales,Rhopalodiaceae,Epithemia,,"Kützing, 1844",,
,Chlorophyta,Chlorophytina,Trebouxiophyceae,,Chlorellales,Oocystaceae,Eremosphaera,,"De Bary, 1858",,
,Chlorophyta,Chlorophytina,Trebouxiophyceae,,Chlorellales,Oocystaceae,Eremosphaera ,,"De Bary, 1858",,
,Charophyta,,Conjugatophyceae ,,Desmidiales,Desmidiaceae,Euastrum,,"Ehrenberg ex Ralfs, 1848",,
,Cyanobacteria,,Cyanophyceae,Synechococcophycidae,Synechococcales,Merismopediaceae,Eucapsis,,"F.E.Clements & H.L.Shantz, 1909",,
,Bacillariophyta,Bacillariophytina,Bacillariophyceae,Bacillariophycidae,Cocconeidales,Achnanthidiaceae,Eucocconeis,,"Cleve ex F.Meister, 1912",,
,Chlorophyta,Chlorophytina,Chlorophyceae,,Chlamydomonadales,Volvocaceae,Eudorina,,"Ehrenberg, 1832",,
,Euglenophyta,Euglenoida,Euglenophyceae,,Euglenales,Euglenaceae,Euglena,,"Ehrenberg, 1830",,
,Bacillariophyta,Bacillariophytina,Bacillariophyceae,Eunotiophycidae,Eunotiales,Eunotiaceae,Eunotia,," Ehrenberg, 1837",,
,Euglenophyta,Euglenoida,Euglenophyceae,,Euglenales,Euglenaceae,Eutreptia,,"Perty, 1852",,
,Bacillariophyta,Bacillariophytina,Bacillariophyceae,Fragilariophycidae,Fragilariales,Fragilariaceae,Fragilaria,,"Lyngbye, 1819",,http://algaebase.org/search/genus/detail/?genus_id=s07edd13437ca9175&sk=0
,Bacillariophyta,Bacillariophytina,Bacillariophyceae,Fragilariophycidae,Fragilariales,Fragilariaceae,Fragilariforma,,"D.M.Williams & Round, 1988",,
,Chlorophyta,Chlorophytina,Trebouxiophyceae,,Chlorellales,Oocystaceae,Franceia,,"Lemmermann, 1898",,
,Bacillariophyta,Bacillariophytina,Bacillariophyceae,Bacillariophycidae,Naviculales,Amphipleuraceae,Frustulia,,"C.Agardh, 1821/Rabenhorst, 185",two different genus authorities given in algaebase,http://algaebase.org/search/genus/detail/?genus_id=e4a3ed8600b905a84&sk=0
,Bacillariophyta,Bacillariophytina,Bacillariophyceae,Bacillariophycidae,Cymbellales,Gomphonemataceae,Geissleria,,"Lange-Bertalot & Metzeltin, 1996",,
,Cyanobacteria,,Cyanophyceae,Oscillatoriophycidae,Oscillatoriales,Coleofasciculaceae,Geitlerinema,,"(Anagnostidis & Komárek) Anagnostidis, 1989",,
,Chlorophyta,Chlorophytina,Trebouxiophyceae,,Chlorellales,Chlorellaceae,Geminella,,"Turpin, 1828",,
,Cyanobacteria,,Cyanophyceae,Oscillatoriophycidae,Spirulinales,Spirulinaceae,Glaucospira,,"G.Lagerheim, 1892",,
,Miozoa,Myzozoa,Dinophyceae,,Peridiniales,Glenodiniaceae,Glenodiniopsis,,"Woloszynska, 1916",,
,Miozoa,Myzozoa,Dinophyceae,,Peridiniales,Glenodiniaceae,Glenodinium,,"Ehrenberg, 1836",,
,Ochrophyta,,Xanthophyceae,,Mischococcales,Gloeobotrydaceae,Gloeobotrys,,"Pascher, 1930",,
,Cyanobacteria,,Cyanophyceae,Oscillatoriophycidae,Chroococcales,Microcystaceae,Gloeocapsa,,"Kützing, 1843,",,http://algaebase.org/search/genus/detail/?genus_id=Af4b732438a7bced6&-session=abv4:CC2E5C920c81127EDFth25D6836A
,Cyanobacteria,,Cyanophyceae,Oscillatoriophycidae,Chroococcales,Chroococcaceae,Gloeocapsopsis,,"Geitler ex Komárek, 1993",,
,Chlorophyta,Chlorophytina,Chlorophyceae,,Sphaeropleales,Radiococcaceae,Gloeocystis,,"Nägeli, 1849",,
,Chlorophyta,Chlorophytina,Chlorophyceae,,Chlamydomonadales,Chlamydomonadaceae,Gloeomonas,,"Klebs, 1886",,
,Cyanobacteria,,Cyanophyceae,Oscillatoriophycidae,Chroococcales,Aphanothecaceae,Gloeothece,,"C.Nägeli, 1849",,
,Chlorophyta,Chlorophytina,Trebouxiophyceae,,Chlorellales,Chlorellaceae,Gloeotila,,"Kützing, 1843",,
,Cyanobacteria,,Cyanophyceae,Nostocophycidae,Nostocales,Gloeotrichiaceae,Gloeotrichia,,"J.Agardh ex Bornet & Flahault, 1886",,
,Chlorophyta,Chlorophytina,Chlorophyceae,,Sphaeropleales,Neochloridaceae,Golenkina,,"Chodat, 1894",,
,Chlorophyta,Chlorophytina,Chlorophyceae,,Sphaeropleales,Neochloridaceae,Golenkinia,,"Chodat, 1894",,
,Chlorophyta,Chlorophytina,Trebouxiophyceae,,Chlorellales,Chlorellaceae,Golenkiniopsis,,"Korshikov, 1953",,
,Cyanobacteria,,Cyanophyceae,Oscillatoriophycidae,Oscillatoriales,Gomontiellaceae,Gomontiella,,"E.C.Teodoresco, 1901",,
,Bacillariophyta,Bacillariophytina,Bacillariophyceae,Bacillariophycidae,Cymbellales,Gomphonemataceae,Gomphoneis,,"Cleve, 1894",,
,Bacillariophyta,Bacillariophytina,Bacillariophyceae,Bacillariophycidae,Cymbellales,Gomphonemataceae,Gomphonema,,"Ehrenberg, 1832",,
,Cyanobacteria,,Cyanophyceae,Oscillatoriophycidae,Chroococcales,Gomphosphaeriaceae,Gomphosphaeria,,"Kützing, 1836",,
,Bacillariophyta,Bacillariophytina,Bacillariophyceae,Bacillariophycidae,Cymbellales,Rhoicospheniaceae,Gomphosphenia,,"Lange-Bertalot, 1995",,
,Charophyta,,Conjugatophyceae ,,Desmidiales,Gonatozygaceae,Gonatozygon,,"De Bary, 1858",,
,Ochrophyta,,Xanthophyceae,,Mischococcales,Pleurochloridaceae,Goniochloris,,"Geitler, 1928",,
,Chlorophyta,Chlorophytina,Chlorophyceae,,Chlamydomonadales,Goniaceae,Gonium,,"O.F.Müller, 1773",,
,Miozoa,Myzozoa,Dinophyceae,,Gonyaulacales,Gonyaulacaceae,Gonyaulax,,"K.M.Diesing, 1866",,
,Ochrophyta,,Raphidophyceae,,Chattonellales,Vacuolariaceae,Gonyostomum,,"K.Diesing, 1866",,
,Miozoa,Myzozoa,Dinophyceae,,Gymnodiniales,Gymnodiniaceae,Gymnodinium,,"F.Stein, 1878",,
,Bacillariophyta,Bacillariophytina,Bacillariophyceae,Bacillariophycidae,Naviculales,Naviculaceae,Gyrosigma,,"Hassall, 1845",,http://algaebase.org/search/genus/detail/?genus_id=Nb4a37dcb81ffd332&-session=abv4:CC2E5C920c7ad2E632sGFB4C9A8A
,Chlorophyta,Chlorophytina,Chlorophyceae,,Chlamydomonadales,Haematococcaceae,Haematococcus,," Flotow, J. von (1844)",,http://algaebase.org/search/genus/detail/?genus_id=s2e6b72e30baf9878&sk=0
,Bacillariophyta,Bacillariophytina,Bacillariophyceae,Fragilariophycidae,Licmophorales,Ulnariaceae,Hannaea,,(Ehrenberg) R.M.Patrick in R.M.Patrick & L.R.Freese 1961,,http://www.algaebase.org/search/species/detail/?species_id=33643
,Bacillariophyta,Bacillariophytina,Bacillariophyceae,Bacillariophycidae,Bacillariales,Bacillariaceae,Hantzschia,,"Grunow, 1877,",,
,Ochrophyta,,Xanthophyceae,,Mischococcales,Characiopsidaceae,Harpochytrium,,"Lagerheim, 1890",,
,Miozoa,Myzozoa,Dinophyceae,,Peridiniales,Heterocapsaceae,Heterocapsa,,"F.Stein, 1883",,
,Cyanobacteria,,Cyanophyceae,Synechococcophycidae,Synechococcales,Heteroleibleiniaceae,Heteroleibleinia,,"(L.Geitler) L.Hoffmann, 1985",,
,Bacillariophyta,Bacillariophytina,Bacillariophyceae,Bacillariophycidae,Naviculales,Naviculaceae,Hippodonta,,"Lange-Bertalot, Witkowski & Metzeltin, 1996",,
,Cyanobacteria,,Cyanophyceae,Oscillatoriophycidae,Oscillatoriales,Homoeotrichaceae,Homoeothrix,,"(Thuret ex Bornet & Flahault) Kirchner, 1898",,
,Chlorophyta,Chlorophytina,Ulvophyceae,,Ulotrichales,Ulotrichaceae,Hormidiopsis,,"Heering, 1914",,
,Charophyta,,Conjugatophyceae ,,Desmidiales,Desmidiaceae,Hyalotheca,,"Ehrenberg ex Ralfs, 1848",,
,Chlorophyta,Chlorophytina,Chlorophyceae,,Sphaeropleales,Hydrodictyaceae,Hydrodictyon,,"Roth, 1797",,
,Bacillariophyta,Coscinodiscophytina,Coscinodiscophyceae,Archaegladiopsophycidae,Stephanopyxales,Hydroseraceae,Hydrosera,,"G.C.Wallich, 1858",,
check,Ochrophyta,,Eustigmatophyceae,,Eustigmatales,Eustigmataceae,Isthmochoron,Pseudostaurastrum,(Nägeli) Bourrelly 1952,"spelled ""Isthmochoron"" in 2007 ""Isthmochloron"" in 2012; Check order. see http://cfb.unh.edu/phycokey/Choices/Tribophyceae/ISTHMOCHLORON/Isthmochloron_key.html",http://algaebase.org/search/genus/detail/?genus_id=r6f6a06adaa7c2c92&-session=abv4:CC2E5C920c81127EDFth25D6836A
,Cyanobacteria,,Cyanophyceae,Synechococcophycidae,Synechococcales,Pseudanabaenaceae,Jaaginema,,"K.Anagnostidis & J.Komárek, 1988",,
,Bacillariophyta,Bacillariophytina,Bacillariophyceae,Bacillariophycidae,Cocconeidales,Achnanthidiaceae,Karayevia,,"Round & L.Bukhtiyarova ex Round, 1998",,
,Miozoa,Myzozoa,Dinophyceae,,Gymnodiniales,Kareniaceae,Karlodinium,,"J.Larsen, 2000",,
,Miozoa,Myzozoa,Dinophyceae,,Gymnodiniales,Tovelliaceae,Katodinium,,"B.Fott, 1957",,
,Ochrophyta,,Chrysophyceae,,Chromulinales,Dinobryaceae,Kephyrion,,"Pascher, 1911",,
,Chlorophyta,Chlorophytina,Trebouxiophyceae,,Chlorellales,Chlorellaceae,Keratococcus,,"Pascher, 1915",,
,Chlorophyta,Chlorophytina,Trebouxiophyceae,,Chlorellales,Oocystaceae,Keriochlamys,,"Pascher, 1943",,
,Chlorophyta,Chlorophytina,Chlorophyceae,,Sphaeropleales,Selenastraceae,Kirchneriella,,"Schmidle, 1893",,
,Charophyta,,Klebsormidiophyceae,,Klebsormidiales,Klebsormidiaceae,Klebsormidium,,"P.C.Silva, Mattox & W.H.Blackwell, 1972",,
,Chlorophyta,Chlorophytina,Trebouxiophyceae,,Prasiolales,Koliellaceae,Koliella,,"Hindák, 1963",,
,Cryptophyta,,Cryptophyceae,,Pyrenomonadales,Chroomonadaceae,Komma,,"D.R.A.Hill, 1991",,
,Cyanobacteria,,Cyanophyceae,Oscillatoriophycidae,Oscillatoriales,Gomontiellaceae,Komvophoron,,"K.Anagnostidis & J.Komárek, 1988",,
,Bacillariophyta,Bacillariophytina,Bacillariophyceae,Bacillariophycidae,Cocconeidales,Achnanthidiaceae,"L.Buhtkiyarova & Round, 1996",,"L.Buhtkiyarova & Round, 1996",,
,Chlorophyta,Chlorophytina,Trebouxiophyceae,,Chlorellales,Oocystaceae,Lagerheimia,,"Chodat, 1895",,http://algaebase.org/search/genus/detail/?genus_id=Jde0221cf23322c70&-session=abv4:CC2E5C920c81127EDFth25D6836A
,Cyanobacteria,,Cyanophyceae,Synechococcophycidae,Synechococcales,Synechococcaceae,Lemmermaniella,,Hindák,,
,Cyanobacteria,,Cyanophyceae,Synechococcophycidae,Synechococcales,Synechococcaceae,Lemmermanniella,,Hindák,,
,Euglenophyta,Euglenoida,Euglenophyceae,,Euglenales,Phacaceae,Lepocinclis,,"Perty, 1849",,
,Cyanobacteria,,Cyanophyceae,Synechococcophycidae,Synechococcales,Leptolyngbyaceae,Leptolyngbya,,"Anagnostidis & Komárek, 1988",,http://algaebase.org/search/genus/detail/?genus_id=i1bec1bb785adf3e0&sk=0
,Cyanobacteria,,Cyanophyceae,Synechococcophycidae,Synechococcales,Pseudanabaenaceae,Limnothrix,,"M.-E.Meffert, 1988",,
,Cyanobacteria,,Cyanophyceae,Oscillatoriophycidae,Oscillatoriales,Oscillatoriaceae,Lyngbya,,"C.Agardh ex Gomont, 1892",,
,Ochrophyta,,Synurophyceae,,Synurales,Mallomonadaceae,Mallomonas,,"Perty, 1852",,
,Bacillariophyta,Bacillariophytina,Bacillariophyceae,Bacillariophycidae,Mastogloiales,Mastogloiaceae,Mastogloia,,"Thwaites ex W.Smith, 1856",,
,Bacillariophyta,Coscinodiscophytina,Coscinodiscophyceae,Melosirophycidae,Melosirales,Melosiraceae,Melosira,,"C.Agardh, 1824",,
,Bacillariophyta,Bacillariophytina,Bacillariophyceae,Fragilariophycidae,Tabellariales,Tabellariaceae,Meridion,,"C.Agardh, 1824",,http://algaebase.org/search/genus/detail/?genus_id=xbffc7d401003c3ef&sk=0
,Cyanobacteria,,Cyanophyceae,Synechococcophycidae,Synechococcales,Merismopediaceae,Merismopedia,,"F.J.F.Meyen, 1839",,
,Charophyta,,Conjugatophyceae ,,Zygnematales,Mesotaeniaceae,Mesotaenium,,"Nägeli, 1849",,
,Chlorophyta,Chlorophytina,Trebouxiophyceae,,Chlorellales,Chlorellaceae,Micractinium,,"Fresenius, 1858",,
,Charophyta,,Conjugatophyceae ,,Desmidiales,Desmidiaceae,Micrasterias,,"C.Agardh ex Ralfs, 1848",,http://algaebase.org/search/genus/detail/?genus_id=jfbac0fdfe992ad4b&-session=abv4:CC2E5C920c81127EDFth25D6836A
,Cyanobacteria,,Cyanophyceae,Oscillatoriophycidae,Chroococcales,Microcystaceae,Microcystis,,"Lemmermann, 1907",,
,Chlorophyta,Chlorophytina,Chlorophyceae,,Sphaeropleales,Microsporaceae,Microspora,,"Thuret, 1850",,
,Euglenophyta,Euglenoida,Euglenophyceae,,Euglenales,Euglenaceae,Monomorphina,,"Mereschkowsky, 1877",,
,Chlorophyta,Chlorophytina,Chlorophyceae,,Sphaeropleales,Selenastraceae,Monoraphidium,,"Komárková-Legnerová, 1969",,
,Charophyta,,Conjugatophyceae ,,Zygnematales,Zygnemataceae,Mougeotia,,"C.Agardh, 1824",,http://algaebase.org/search/genus/detail/?genus_id=Z80010a4b1ff8d9d9&sk=0
,Chlorophyta,Chlorophytina,Trebouxiophyceae,,Chlorellales,Chlorellaceae,Nannochloris,,"Naumann, 1919",,
,Bacillariophyta,Bacillariophytina,Bacillariophyceae,Bacillariophycidae,Naviculales,Naviculaceae,Navicula,,"Bory, 1822",,
,Bacillariophyta,Bacillariophytina,Bacillariophyceae,Bacillariophycidae,Naviculales,Neidiaceae,Neidium,,"Pfitzer, 1871",,
,Chlorophyta,Chlorophytina,Trebouxiophyceae,,Chlorellales,Oocystaceae,Nephrocytium,,"Nägeli, 1849",,
,Charophyta,,Conjugatophyceae ,,Zygnematales,Mesotaeniaceae,Netrium,," (Nägeli) Itzigsohn & Rothe, 1856",,
,Bacillariophyta,Bacillariophytina,Bacillariophyceae,Bacillariophycidae,Bacillariales,Bacillariaceae,Nitzschia,,"Hassall, 1845",,
,Cyanobacteria,,Cyanophyceae,Nostocophycidae,Nostocales,Aphanizomenonaceae,Nodularia,,"Mertens ex Bornet & Flahault, 1886",,
,Bacillariophyta,Bacillariophytina,Bacillariophyceae,Bacillariophycidae,Naviculales,Brachysiraceae,Nupela,,"W.Vyverman & Compère, 1991",,
,Ochrophyta,,Chrysophyceae,,Chromulinales,Chromulinaceae,Ochromonas,,"Vysotskii [Wysotzki, Wyssotzki], 1887",,
,Chlorophyta,Chlorophytina,Chlorophyceae,,Oedogoniales,Oedogoniaceae,Oedogonium,,"Link ex Hirn, 1900",,
,Charophyta,,Conjugatophyceae ,,Desmidiales,Desmidiaceae,Onychonema,,"Wallich, 1860",,
,Chlorophyta,Chlorophytina,Trebouxiophyceae,,Chlorellales,Oocystaceae,Oocystis,,"Nägeli ex A.Braun, 1855",,
,Ochrophyta,,Xanthophyceae,,Mischococcales,Ophiocytiaceae,Ophiocytium,,"Nägeli, 1849",,
,Cyanobacteria,,Cyanophyceae,Oscillatoriophycidae,Oscillatoriales,Oscillatoriaceae,Oscillatoria,,"Vaucher ex Gomont, 1892",,
,Miozoa,Myzozoa,Oxyrrhida,,Oxyrrhinales,Oxyrrhinaceae,Oxyrrhis,,"F.Dujardin, 1841",,
,Chlorophyta,Chlorophytina,Chlorophyceae,,Sphaeropleales,Radiococcaceae,Palmodictyon,,"Kützing, 1845",,
,Chlorophyta,Chlorophytina,Chlorophyceae,,Chlamydomonadales,Volvocaceae,Pandorina,,"Bory, 1824",,
check,Euglenophyta,Euglenoida,Peranemea,,Heteronematales,Paranemataceae,Paranema,,,Is this in the 2007 species list?,
,Chlorophyta,Chlorophytina,Chlorophyceae,,Sphaeropleales,Hydrodictyaceae,Parapediastrum,,"E.Hegewald, 2005",,
,Chlorophyta,Chlorophytina,Chlorophyceae,,Sphaeropleales,Hydrodictyaceae,Pediastrum,,"Meyen, 1829",,
,Charophyta,,Conjugatophyceae ,,Desmidiales,Peniaceae,Penium,,"Brébisson ex Ralfs, 1848",,
,Miozoa,Myzozoa,Dinophyceae,,Peridiniales,Glenodiniaceae,Peridiniopsis,,"Lemmermann, 1904",,
,Miozoa,Myzozoa,Dinophyceae,,Peridiniales,Peridiniaceae,Peridinium,,"Ehrenberg, 1830",,
,Bacillariophyta,Bacillariophytina,Bacillariophyceae,Eunotiophycidae,Eunotiales,Peroniaceae,Peronia,,"Brébisson & Arnott ex Kitton, 1868",,
,Ochrophyta,,Xanthophyceae,,Mischococcales,Characiopsidaceae,Peroniella,,"Gobi, 1886",,http://algaebase.org/search/genus/detail/?genus_id=x8a9cf9eacf64146d&-session=abv4:CC2E5C920c7ad2E632sGFB4C9A8A
,Chlorophyta,Chlorophytina,Chlorophyceae,,Chlamydomonadales,Phacotaceae,Phacotus,,"Perty, 1852",,
,Euglenophyta,Euglenoida,Euglenophyceae,,Euglenales,Phacaceae,Phacus,,"Dujardin, 1841",,
,Ochrophyta,,Chrysophyceae,,Chromulinales,Chrysothallaceae,Phaeoplaca,," Chodat, 1926",,
,Cyanobacteria,,Cyanophyceae,Oscillatoriophycidae,Oscillatoriales,Oscillatoriaceae,Phormidium,,"Kützing ex Gomont, 1892",,
,Bacillariophyta,Bacillariophytina,Bacillariophyceae,Bacillariophycidae,Naviculales,Pinnulariaceae,Pinnularia,,"Ehrenberg, 1843",,
,Bacillariophyta,Bacillariophytina,Bacillariophyceae,Bacillariophycidae,Cymbellales,Gomphonemataceae,Placoneis,,"Mereschkowsky, 1903",,
,Cryptophyta,,Cryptophyceae,,Pyrenomonadales,Geminigeraceae,Plagioselmis,,"Butcher ex G.Novarino, I.A.N.Lucas & S.Morrall, 1994",,
,Bacillariophyta,Bacillariophytina,Bacillariophyceae,Bacillariophycidae,Naviculales,Plagiotropidaceae,Plagiotropis,,"Pfitzer, 1871",,
,Chlorophyta,Chlorophytina,Trebouxiophyceae,,Chlorellales,Oocystaceae,Planctonema,,"Schmidle, 1903",,
,Cyanobacteria,,Cyanophyceae,Synechococcophycidae,Synechococcales,Leptolyngbyaceae,Planktolyngbya,,"Anagnostidis & Komárek, 1988",,
,Chlorophyta,Chlorophytina,Chlorophyceae,,Sphaeropleales,Schizochlamydaceae,Planktosphaeria,,"G.M.Smith, 1918",,
,Cyanobacteria,,Cyanophyceae,Oscillatoriophycidae,Oscillatoriales,Microcoleaceae,Planktothrix,,"K.Anagnostidis & J.Komárek, 1988",,
,Bacillariophyta,Bacillariophytina,Bacillariophyceae,Bacillariophycidae,Cocconeidales,Achnanthidiaceae,Planothidium,,"Round & L.Bukhtiyarova, 1996",,
,Chlorophyta,Chlorophytina,Chlorophyceae,,Chlamydomonadales,Volvocaceae,Platydorina,,"Kofoid, 1899",,
,Cyanobacteria,,Cyanophyceae,Oscillatoriophycidae,Oscillatoriales,Oscillatoriaceae,Plectonema,,"Thuret ex Gomont, 1892",,
,Chlorophyta,Chlorophytina,Chlorophyceae,,Chlamydomonadales,Volvocaceae,Pleodorina,,"W.R.Shaw, 1894",,
,Ochrophyta,,Xanthophyceae,,Mischococcales,Pleurochloridaceae,Pleurogaster,,"Pascher, 1938",,
,Bacillariophyta,Bacillariophytina,Bacillariophyceae,Bacillariophycidae,Naviculales,Pleurosigmataceae,Pleurosigma,,"W.Smith, 1852",,
,Charophyta,,Conjugatophyceae ,,Desmidiales,Desmidiaceae,Pleurotaenium,,"Nägeli, 1849",,
,Chlorophyta,Chlorophytina,Trebouxiophyceae,,Chlorellales,Chlorellaceae,Podohedra,,"Düringer, 1958",,
,Chlorophyta,Chlorophytina,Chlorophyceae,,Sphaeropleales,Sphaeropleales ,Polyedriopsis,,"Schmidle, 1899",,
,Ochrophyta,,Synurophyceae,,Chloramoebales,Chloramoebaceae,Polykyrtos,,"Pascher, 1937",,
,Chlorophyta,Chlorophytina,Chlorophyceae,,Chlamydomonadales,Chlamydomonadaceae,Polytoma,,"Ehrenberg, 1831",,
,Chlorophyta,Chlorophytina,Chlorophyceae,,Chaetophorales,Chaetophoraceae,Protoderma,,"Kützing, 1843",,
,Miozoa,Myzozoa,Dinophyceae,,Peridiniales,Protoperidiniaceae,Protoperidinium,,"R.S.Bergh, 1881",,
,Bacillariophyta,Bacillariophytina,Bacillariophyceae,Bacillariophycidae,Cocconeidales,Achnanthidiaceae,Psammothidium,,"L.Buhtkiyarova & Round, 1996",,
,Cyanobacteria,,Cyanophyceae,Synechococcophycidae,Synechococcales,Pseudanabaenaceae,Pseudanabaena,,"Lauterborn, 1915",,
,Ochrophyta,,Chrysophyceae,,Chromulinales,Dinobryaceae,Pseudokephyrion,,"Pascher, 1913",,
,Ochrophyta,,Dictyochophyceae,,Pedinellales,Pedinellaceae,Pseudopedinella,,"N.Carter, 1937",,
,Ochrophyta,,Eustigmatophyceae,,Eustigmatales,Eustigmataceae,Pseudostaurastrum,,"Chodat, 1921",,
,Bacillariophyta,Bacillariophytina,Bacillariophyceae,Fragilariophycidae,Fragilariales,Fragilariaceae,Pseudostaurosira,,"D.M.Williams & Round, 1988",,
,Ochrophyta,,Xanthophyceae,,Mischococcales,Centritractaceae,Pseudotetraedron,Pseudotetraëdron,Pascher 1912,,http://algaebase.org/search/species/detail/?species_id=pf4422fc9a9dedfe0&-session=abv4:CC2E5C920c7ad2E632sGFB4C9A8A
,Bacillariophyta,Bacillariophytina,Mediophyceae,Thalassiosirophycidae,Stephanodiscales,Stephanodiscaceae,Puncticulata,,"H.Håkansson, 2002",,
,Cryptophyta,,Cryptophyceae,,Pyrenomonadales,Pyrenomonadaceae,Pyramimonas,,"Santore, 1984",,
,Cryptophyta,,Cryptophyceae,,Pyrenomonadales,Pyrenomonadaceae,Pyrenomonas,,"Santore, 1984",,
,Chlorophyta,Chlorophytina,Chlorophyceae,,Sphaeropleales,Selenastraceae,Quadrigula,,"Printz, 1916",,
,Chlorophyta,Chlorophytina,Chlorophyceae,,Sphaeropleales,Radiococcaceae,Radiococcus,,"Schmidle, 1902",,
,Cyanobacteria,,Cyanophyceae,Oscillatoriophycidae,Chroococcales,Microcystaceae,Radiocystis,,"H.Skuja, 1948",,http://algaebase.org/search/genus/detail/?genus_id=de2d07e94819eac0d&-session=abv4:CC2E5C920c81127EDFth25D6836A
,Chlorophyta,Chlorophytina,Chlorophyceae,,Sphaeropleales,Sphaeropleaceae,Radiofilum,,Schmidle 1894,,http://algaebase.org/search/species/detail/?species_id=ne9b3cbe5d5208534&-session=abv4:CC2E5C920c7ad2E632sGFB4C9A8A
,Cyanobacteria,,Cyanophyceae,Nostocophycidae,Nostocales,Aphanizomenonaceae,Raphidiopsis,,"F.E.Fritsch & F.Rich, 1929",,
,Chlorophyta,Chlorophytina,Chlorophyceae,,Sphaeropleales,Selenastraceae,Raphidocelis,,"(Schmidle) Marvan, Komárek & Comas 1984",,http://algaebase.org/browse/taxonomy/?id=6943
,Chlorophyta,Chlorophytina,Trebouxiophyceae,,Prasiolales,Koliellaceae,Raphidonema,,Lagerheim 1892,,http://algaebase.org/search/species/detail/?species_id=K840d8154cdf8e4b8&sk=0&from=results
,Cyanobacteria,,Cyanophyceae,Synechococcophycidae,Synechococcales,Synechococcoideae,Rhabdoderma,,"Schmidle & Lauterborn, 1900",,
,Cyanobacteria,,Cyanophyceae,Oscillatoriophycidae,Chroococcales,Chroococcaceae,Rhabdoglea,Dactylococcopsis,"Hansgirg, A. (1888)",,http://algaebase.org/search/genus/detail/?genus_id=x122adca803814fe1&-session=abv4:CC2E5C920c7ad2E632sGFB4C9A8A
,Cyanobacteria,,Cyanophyceae,Oscillatoriophycidae,Chroococcales,Microcystaceae,Rhabdogloea,Dactylococcopsis,"B.Schröder, 1917",,
,Chlorophyta,Chlorophytina,Ulvophyceae,,Cladophorales,Cladophoraceae,Rhizoclonium,,"Kützing, 1843",,
,Bacillariophyta,Coscinodiscophytina,Coscinodiscophyceae,,Rhizosoleniales,Rhizosoleniaceae,Rhizosolenia,,"Ehrenberg, 1843",,http://algaebase.org/search/genus/detail/?genus_id=Z6d4a131e1586dcd9&sk=0
,Cryptophyta,,Cryptophyceae,,Pyrenomonadales,Pyrenomonadaceae,Rhodomonas,,"G.Karsten, 1898",,
,Bacillariophyta,Bacillariophytina,Bacillariophyceae,Bacillariophycidae,Cymbellales,Rhoicospheniaceae,Rhoicosphenia,,"Grunow, 1860",,
,Bacillariophyta,Bacillariophytina,Bacillariophyceae,Bacillariophycidae,Rhopalodiales,Rhopalodiaceae,Rhopalodia,,"Otto Müller, 1895",,
,Cyanobacteria,,Cyanophyceae,Nostocophycidae,Nostocales,Rivulariaceae,Rivularia,,"C.Agardh ex Bornet & Flahault, 1886",,
,Cyanobacteria,,Cyanophyceae,Synechococcophycidae,Synechococcales,Romeriaceae,Romeria,,"M.Koczwara, 1932",,
,Charophyta,,Conjugatophyceae ,,Zygnematales,Mesotaeniaceae,Roya,,"West & G.S.West, 1896",,
,Chlorophyta,Chlorophytina,Chlorophyceae,,Sphaeropleales,Scenedesmaceae,Scenedesmus,,"Meyen, 1829",,
,Chlorophyta,Chlorophytina,Chlorophyceae,,Sphaeropleales,Schizochlamydaceae,Schizochlamys,,"Braun ex Kützing, 1849",,
,Cyanobacteria,,Cyanophyceae,Synechococcophycidae,Pseudanabaenales,Schizotrichaceae,Schizothrix,,"Kützing ex M.Gomont, 1892",,
,Chlorophyta,Chlorophytina,Chlorophyceae,,Sphaeropleales,Schroederiaceae,Schroederia,,"Lemmermann, 1898",,
,Chlorophyta,Chlorophytina,Pedinophyceae,,Scourfieldiales,Scourfieldiaceae,Scourfieldia,,"G.S.West, 1912",,
,Miozoa,Myzozoa,Dinophyceae,,Peridiniales,Thoracosphaeraceae,Scrippsiella,,"Balech ex A.R.Loeblich III, 1965",,
,Chlorophyta,Chlorophytina,Chlorophyceae,,Sphaeropleales,Selenastraceae,Selenastrum,,"Reinsch, 1867",,
,Bacillariophyta,Bacillariophytina,Bacillariophyceae,Bacillariophycidae,Naviculales,Sellaphoraceae,Sellaphora,,"Mereschowsky, 1902",,
,Bacillariophyta,Bacillariophytina,Mediophyceae,Thalassiosirophycidae,Thalassiosirales,Skeletonemataceae,Skeletonema,,"Greville, 1865",,
,Cyanobacteria,,Cyanophyceae,Synechococcophycidae,Synechococcales,Coelosphaeriaceae,Snowella,,"A.A.Elenkin, 1938",,
,Chlorophyta,Chlorophytina,Chlorophyceae,,Sphaeropleales,Hydrodictyaceae,Sorastrum,,"Kützing, 1845",,
,Chlorophyta,Chlorophytina,Chlorophyceae,,Chlamydomonadales,Chlamydomonadaceae,Sphaerellopsis,Vitreochlamys,"Korshikov, 1925",,http://algaebase.org/search/genus/detail/?genus_id=n2d20adf9e0053222&-session=abv4:CC2E5C920c7ad2E632sGFB4C9A8A
,Chlorophyta,Chlorophytina,Chlorophyceae,,Chlamydomonadales,Sphaerocystidaceae,Sphaerocystis,,"Chodat, 1897",,http://algaebase.org/search/genus/detail/?genus_id=da2547cef36be6dba&sk=0
,Miozoa,Myzozoa,Dinophyceae,,Peridiniales,Glenodiniopsidaceae,Sphaerodinium,,"Woloszynska, 1916",,
,Charophyta,,Conjugatophyceae ,,Desmidiales,Desmidiaceae,Sphaerozosma,,"Corda ex Ralfs, 1848",,
,Charophyta,,Conjugatophyceae ,,Zygnematales,Zygnemataceae,Spirogyra,,"Link, 1820",,
,Cyanobacteria,,Cyanophyceae,Oscillatoriophycidae,Spirulinales,Spirulinaceae,Spirulina,,"Turpin ex Gomont, 1892",,
,Charophyta,,Conjugatophyceae ,,Desmidiales,Desmidiaceae,Spondylosium,,"Brébisson ex Kützing, 1849",,
,Charophyta,,Conjugatophyceae ,,Desmidiales,Desmidiaceae,Staurastrum,,"Meyen ex Ralfs, 1848",,
,Charophyta,,Conjugatophyceae ,,Desmidiales,Desmidiaceae,Staurodesmus,,"Teiling, 1948",,
,Bacillariophyta,Bacillariophytina,Bacillariophyceae,Bacillariophycidae,Naviculales,Stauroneidaceae,Stauroneis,,"Ehrenberg, 1843",,
,Bacillariophyta,Bacillariophytina,Bacillariophyceae,Fragilariophycidae,Fragilariales,Fragilariaceae,Staurosira,,"Ehrenberg, 1843",,
,Bacillariophyta,Bacillariophytina,Bacillariophyceae,Fragilariophycidae,Fragilariales,Fragilariaceae,Staurosirella,,"D.M.Wiliams & Round, 1988",,
,Bacillariophyta,Bacillariophytina,Bacillariophyceae,Bacillariophycidae,Surirellales,Surirellaceae,Stenopterobia,,"Brébisson ex Van Heurck, 1896",,http://algaebase.org/search/genus/detail/?genus_id=U4c4e8152bd5bf0e5&-session=abv4:CC2E5C920c81127EDFth25D6836A
,Bacillariophyta,Bacillariophytina,Mediophyceae,Thalassiosirophycidae,Stephanodiscales,Stephanodiscaceae,Stephanodiscus,,"Ehrenberg, 1845",,
,Ochrophyta,,Xanthophyceae,,Rhizochloridales,Stipitococcaceae,Stichococcus,,"West & G.S.West, 1898",,
,Cyanobacteria,,Cyanophyceae,Oscillatoriophycidae,Chroococcales,Stichosiphonaceae,Stichosiphon,,"L.Geitler, 1931",,
,Ochrophyta,,Xanthophyceae,,Rhizochloridales,Stipitococcaceae,Stipitococcus,,"West & G.S.West, 1898",,
,Euglenophyta,Euglenoida,Euglenophyceae,,Euglenales,Euglenaceae,Strombomonas,,"Deflandre, 1930",,
,Ochrophyta,,Chrysophyceae,,Chromulinales,Dinobryaceae,Stylochrysalis,,"Stein, 1878",,
,Bacillariophyta,Bacillariophytina,Bacillariophyceae,Bacillariophycidae,Surirellales,Surirellaceae,Surirella,,"Turpin, 1828",,
,Cyanobacteria,,Cyanophyceae,Synechococcophycidae,Synechococcales,Synechococcaceae,Synechococcus,,"C.Nägeli, 1849",,
,Cyanobacteria,,Cyanophyceae,Synechococcophycidae,Synechococcales,Merismopediaceae,Synechocystis,,"C.Sauvageau, 1892",,
,Bacillariophyta,Bacillariophytina,Bacillariophyceae,Fragilariophycidae,Fragilariales,Fragilariaceae,Synedra,,"Ehrenberg, 1830",,
,Ochrophyta,,Synurophyceae,,Synurales,Synuraceae,Synura,,"Ehrenberg, 1834",,
,Bacillariophyta,Bacillariophytina,Bacillariophyceae,Fragilariophycidae,Tabellariales,Tabellariaceae,Tabellaria,,"Ehrenberg ex Kützing, 1844",,http://algaebase.org/search/genus/detail/?genus_id=d654c041a263b5eeb&-session=abv4:CC2E5C920c81127EDFth25D6836A
,Charophyta,,Conjugatophyceae ,,Desmidiales,Desmidiaceae,Teilingia,,"Bourrelly, 1964",,
,Charophyta,,Conjugatophyceae ,,Desmidiales,Desmidiaceae,Tetmemorus,,"Ralfs ex Ralfs, 1848",,
,Ochrophyta,,Eustigmatophyceae,,Eustigmatales,Eustigmataceae,Tetraedriella,,"Pascher, 1930",,
,Chlorophyta,Chlorophytina,Chlorophyceae,,Sphaeropleales,Hydrodictyaceae,Tetraedron,,"Kützing, 1845",,
,Chlorophyta,Chlorophytina,Chlorophyceae,,Sphaeropleales,Scenedesmaceae,Tetrallantos,,"Teiling, 1916",,
,Chlorophyta,Chlorophytina,Chlorodendrophyceae,,Chlorodendrales,Chlorodendraceae,Tetraselmis,,"F.Stein, 1878",,
,Chlorophyta,Chlorophytina,Chlorophyceae,,Sphaeropleales,Scenedesmaceae,Tetrastrum,,"Chodat, 1895",,
,Bacillariophyta,Bacillariophytina,Mediophyceae,Thalassiosirophycidae,Thalassiosirales,Thalassiosiraceae,Thalassiosira,,"Cleve, 1873",,
,Cyanobacteria,,Cyanophyceae,Nostocophycidae,Nostocales,Tolypothrichaceae,Tolypothrix,,"Kützing ex É.Bornet & C.Flahault, 1886",,
,Euglenophyta,Euglenoida,Euglenophyceae,,Euglenales,Euglenaceae,Trachelomonas,,"Ehrenberg, 1835",,http://algaebase.org/search/genus/detail/?genus_id=ad3648bf62c5a425b&-session=abv4:CC2E5C920c81127EDFth25D6836A
,Euglenophyta,Euglenoida,Euglenophyceae,,Euglenales,Euglenaceae,Trachelomonas,,,,
,Chlorophyta,Chlorophytina,Chlorophyceae,,Chlamydomonadales,Treubariaceae,Treubaria,,"C.Bernard, 1908",,
,Ochrophyta,,Xanthophyceae,,Tribonematales,Tribonemataceae,Tribonema,,"Derbès & Solier, 1851",,
,Cyanobacteria,,Cyanophyceae,Oscillatoriophycidae,Oscillatoriales,Microcoleaceae,Trichodesmium,,"Ehrenberg ex Gomont, 1892",,
,Chlorophyta,Chlorophytina,Trebouxiophyceae,,Chlorellales,Oocystaceae,Trochiscia,,"Kützing, 1834",,
,Bacillariophyta,Bacillariophytina,Bacillariophyceae,Bacillariophycidae,Bacillariales,Bacillariaceae,Tryblionella,,"W.Smith, 1853",,
,Cyanobacteria,,Cyanophyceae,Oscillatoriophycidae,Oscillatoriales,Microcoleaceae,Tychonema,,"K.Anagnostidis & J.Komárek, 1988",,
,Chlorophyta,Chlorophytina,Ulvophyceae,,Ulotrichales,Ulotrichaceae,Ulothrix,,"Kützing, 1833",,
,Ochrophyta,,Chrysophyceae,,Chromulinales,Chromulinaceae,Uroglena,,"Ehrenberg, 1834",,
,Bacillariophyta,Coscinodiscophytina,Coscinodiscophyceae,,Rhizosoleniales,Rhizosoleniaceae,Urosolenia,,"Round & R.M.Crawford, 1990",,
,Ochrophyta,,Raphidophyceae,,Chattonellales,Vacuolariaceae,Vacuolaria,,"Cienkowski, 1870",,
,Chlorophyta,Chlorophytina,Chlorophyceae,,Chlamydomonadales,Volvocaceae,Volvox,,"Linnaeus, 1758",,
,Chlorophyta,Chlorophytina,Chlorophyceae,,Sphaeropleales,Scenedesmaceae,Westella,,"De Wildeman, 1897",,
,Cyanobacteria,,Cyanophyceae,Synechococcophycidae,Synechococcales,Coelosphaeriaceae,Woronichinia,,"A.A.Elenkin, 1933",,
,Charophyta,,Conjugatophyceae ,,Desmidiales,Desmidiaceae,Xanthidium,,"Ehrenberg ex Ralfs, 1848",,
,Charophyta,,Conjugatophyceae ,,Zygnematales,Zygnemataceae,Zygnema,,"C.Agardh, 1817",,
